municipality,year,inc
Copenhagen,1987,75356.0
Frederiksberg,1987,85428.0
Dragør,1987,97966.0
Tårnby,1987,87598.0
Albertslund,1987,83540.0
Ballerup,1987,86399.0
Brøndby,1987,83594.0
Gentofte,1987,107551.0
Gladsaxe,1987,83460.0
Glostrup,1987,84798.0
Herlev,1987,87123.0
Hvidovre,1987,83088.0
Høje-Taastrup,1987,86492.0
Ishøj,1987,83971.0
Lyngby-Taarbæk,1987,94909.0
Rødovre,1987,82598.0
Vallensbæk,1987,95429.0
Allerød,1987,95806.0
Egedal,1987,91226.0
Fredensborg,1987,89762.0
Frederikssund,1987,84104.0
Furesø,1987,96268.0
Gribskov,1987,85116.0
Halsnæs,1987,80800.0
Helsingør,1987,82919.0
Hillerød,1987,88912.0
Hørsholm,1987,113579.0
Rudersdal,1987,105103.0
Bornholm,1987,71571.0
Greve,1987,91719.0
Køge,1987,81488.0
Lejre,1987,86303.0
Roskilde,1987,85649.0
Solrød,1987,92036.0
Faxe,1987,76556.0
Guldborgsund,1987,72076.0
Holbæk,1987,76611.0
Kalundborg,1987,75945.0
Lolland,1987,69421.0
Næstved,1987,76668.0
Odsherred,1987,74421.0
Ringsted,1987,78901.0
Slagelse,1987,75429.0
Sorø,1987,74891.0
Stevns,1987,78909.0
Vordingborg,1987,73561.0
Assens,1987,71674.0
Faaborg-Midtfyn,1987,72108.0
Kerteminde,1987,74932.0
Langeland,1987,68259.0
Middelfart,1987,74866.0
Nordfyns,1987,71409.0
Nyborg,1987,72329.0
Odense,1987,74147.0
Svendborg,1987,73513.0
Ærø,1987,69808.0
Billund,1987,77213.0
Esbjerg,1987,76981.0
Fanø,1987,79413.0
Fredericia,1987,77459.0
Haderslev,1987,73363.0
Kolding,1987,74992.0
Sønderborg,1987,75251.0
Tønder,1987,73299.0
Varde,1987,73916.0
Vejen,1987,71678.0
Vejle,1987,74831.0
Aabenraa,1987,74649.0
Favrskov,1987,75959.0
Hedensted,1987,75386.0
Horsens,1987,73932.0
Norddjurs,1987,72040.0
Odder,1987,76552.0
Randers,1987,73431.0
Samsø,1987,65990.0
Silkeborg,1987,76745.0
Skanderborg,1987,77303.0
Syddjurs,1987,75668.0
Aarhus,1987,77357.0
Herning,1987,77264.0
Holstebro,1987,75672.0
Ikast-Brande,1987,75265.0
Lemvig,1987,74422.0
Ringkøbing-Skjern,1987,74526.0
Skive,1987,72136.0
Struer,1987,74221.0
Viborg,1987,73824.0
Brønderslev,1987,69738.0
Frederikshavn,1987,75216.0
Hjørring,1987,72726.0
Jammerbugt,1987,71405.0
Læsø,1987,67270.0
Mariagerfjord,1987,71461.0
Morsø,1987,69893.0
Rebild,1987,73871.0
Thisted,1987,71679.0
Vesthimmerlands,1987,69105.0
Aalborg,1987,74460.0
Copenhagen,1988,79444.0
Frederiksberg,1988,89924.0
Dragør,1988,99867.0
Tårnby,1988,90789.0
Albertslund,1988,87075.0
Ballerup,1988,89122.0
Brøndby,1988,86917.0
Gentofte,1988,112400.0
Gladsaxe,1988,87294.0
Glostrup,1988,88185.0
Herlev,1988,89767.0
Hvidovre,1988,85910.0
Høje-Taastrup,1988,90196.0
Ishøj,1988,87649.0
Lyngby-Taarbæk,1988,98671.0
Rødovre,1988,86912.0
Vallensbæk,1988,99281.0
Allerød,1988,100136.0
Egedal,1988,95746.0
Fredensborg,1988,94608.0
Frederikssund,1988,87847.0
Furesø,1988,100515.0
Gribskov,1988,89100.0
Halsnæs,1988,83964.0
Helsingør,1988,87393.0
Hillerød,1988,92661.0
Hørsholm,1988,117924.0
Rudersdal,1988,110246.0
Bornholm,1988,75276.0
Greve,1988,95353.0
Køge,1988,85766.0
Lejre,1988,92038.0
Roskilde,1988,90344.0
Solrød,1988,96445.0
Faxe,1988,80535.0
Guldborgsund,1988,76866.0
Holbæk,1988,81736.0
Kalundborg,1988,80299.0
Lolland,1988,73912.0
Næstved,1988,81719.0
Odsherred,1988,78254.0
Ringsted,1988,82836.0
Slagelse,1988,79636.0
Sorø,1988,79009.0
Stevns,1988,83431.0
Vordingborg,1988,77199.0
Assens,1988,76184.0
Faaborg-Midtfyn,1988,76939.0
Kerteminde,1988,79919.0
Langeland,1988,71513.0
Middelfart,1988,79013.0
Nordfyns,1988,76015.0
Nyborg,1988,77730.0
Odense,1988,78516.0
Svendborg,1988,77611.0
Ærø,1988,74238.0
Billund,1988,84287.0
Esbjerg,1988,81672.0
Fanø,1988,85146.0
Fredericia,1988,82267.0
Haderslev,1988,78055.0
Kolding,1988,79523.0
Sønderborg,1988,79631.0
Tønder,1988,77846.0
Varde,1988,78663.0
Vejen,1988,76729.0
Vejle,1988,79585.0
Aabenraa,1988,78878.0
Favrskov,1988,80188.0
Hedensted,1988,79422.0
Horsens,1988,77836.0
Norddjurs,1988,75360.0
Odder,1988,81106.0
Randers,1988,77252.0
Samsø,1988,70337.0
Silkeborg,1988,80705.0
Skanderborg,1988,81072.0
Syddjurs,1988,79038.0
Aarhus,1988,81682.0
Herning,1988,80742.0
Holstebro,1988,78890.0
Ikast-Brande,1988,78433.0
Lemvig,1988,78555.0
Ringkøbing-Skjern,1988,79239.0
Skive,1988,76265.0
Struer,1988,77919.0
Viborg,1988,77866.0
Brønderslev,1988,73098.0
Frederikshavn,1988,78873.0
Hjørring,1988,76552.0
Jammerbugt,1988,75070.0
Læsø,1988,71239.0
Mariagerfjord,1988,75480.0
Morsø,1988,74336.0
Rebild,1988,77837.0
Thisted,1988,74053.0
Vesthimmerlands,1988,73866.0
Aalborg,1988,78797.0
Copenhagen,1989,82895.0
Frederiksberg,1989,94626.0
Dragør,1989,106167.0
Tårnby,1989,95053.0
Albertslund,1989,90616.0
Ballerup,1989,93381.0
Brøndby,1989,91158.0
Gentofte,1989,117680.0
Gladsaxe,1989,91003.0
Glostrup,1989,92205.0
Herlev,1989,93629.0
Hvidovre,1989,90263.0
Høje-Taastrup,1989,94577.0
Ishøj,1989,90822.0
Lyngby-Taarbæk,1989,104507.0
Rødovre,1989,90852.0
Vallensbæk,1989,104844.0
Allerød,1989,105181.0
Egedal,1989,100064.0
Fredensborg,1989,99634.0
Frederikssund,1989,92340.0
Furesø,1989,107009.0
Gribskov,1989,93800.0
Halsnæs,1989,88092.0
Helsingør,1989,91762.0
Hillerød,1989,97677.0
Hørsholm,1989,119228.0
Rudersdal,1989,116991.0
Bornholm,1989,78758.0
Greve,1989,99992.0
Køge,1989,91116.0
Lejre,1989,96478.0
Roskilde,1989,95164.0
Solrød,1989,102915.0
Faxe,1989,85918.0
Guldborgsund,1989,81213.0
Holbæk,1989,86649.0
Kalundborg,1989,85567.0
Lolland,1989,78670.0
Næstved,1989,86388.0
Odsherred,1989,82785.0
Ringsted,1989,87934.0
Slagelse,1989,84485.0
Sorø,1989,86083.0
Stevns,1989,88700.0
Vordingborg,1989,82286.0
Assens,1989,81007.0
Faaborg-Midtfyn,1989,81250.0
Kerteminde,1989,85736.0
Langeland,1989,76412.0
Middelfart,1989,83358.0
Nordfyns,1989,81134.0
Nyborg,1989,82704.0
Odense,1989,83170.0
Svendborg,1989,82263.0
Ærø,1989,78922.0
Billund,1989,86864.0
Esbjerg,1989,85927.0
Fanø,1989,90760.0
Fredericia,1989,86449.0
Haderslev,1989,82647.0
Kolding,1989,84482.0
Sønderborg,1989,84828.0
Tønder,1989,82660.0
Varde,1989,83814.0
Vejen,1989,81480.0
Vejle,1989,84493.0
Aabenraa,1989,83883.0
Favrskov,1989,86404.0
Hedensted,1989,83975.0
Horsens,1989,84911.0
Norddjurs,1989,80872.0
Odder,1989,86440.0
Randers,1989,81804.0
Samsø,1989,75489.0
Silkeborg,1989,86900.0
Skanderborg,1989,86834.0
Syddjurs,1989,84287.0
Aarhus,1989,86397.0
Herning,1989,86231.0
Holstebro,1989,83709.0
Ikast-Brande,1989,83672.0
Lemvig,1989,82969.0
Ringkøbing-Skjern,1989,83826.0
Skive,1989,81562.0
Struer,1989,82271.0
Viborg,1989,83399.0
Brønderslev,1989,78800.0
Frederikshavn,1989,82545.0
Hjørring,1989,80575.0
Jammerbugt,1989,79869.0
Læsø,1989,74638.0
Mariagerfjord,1989,80676.0
Morsø,1989,78597.0
Rebild,1989,82661.0
Thisted,1989,78940.0
Vesthimmerlands,1989,78284.0
Aalborg,1989,83675.0
Copenhagen,1990,85421.0
Frederiksberg,1990,98916.0
Dragør,1990,109441.0
Tårnby,1990,98313.0
Albertslund,1990,93620.0
Ballerup,1990,96440.0
Brøndby,1990,94147.0
Gentofte,1990,119382.0
Gladsaxe,1990,94374.0
Glostrup,1990,95536.0
Herlev,1990,96332.0
Hvidovre,1990,93217.0
Høje-Taastrup,1990,97241.0
Ishøj,1990,93570.0
Lyngby-Taarbæk,1990,109204.0
Rødovre,1990,93807.0
Vallensbæk,1990,107743.0
Allerød,1990,110893.0
Egedal,1990,104524.0
Fredensborg,1990,104438.0
Frederikssund,1990,96435.0
Furesø,1990,110721.0
Gribskov,1990,98060.0
Halsnæs,1990,91961.0
Helsingør,1990,95390.0
Hillerød,1990,101264.0
Hørsholm,1990,127455.0
Rudersdal,1990,122673.0
Bornholm,1990,82392.0
Greve,1990,104726.0
Køge,1990,94786.0
Lejre,1990,101012.0
Roskilde,1990,98918.0
Solrød,1990,106434.0
Faxe,1990,90199.0
Guldborgsund,1990,85260.0
Holbæk,1990,89909.0
Kalundborg,1990,89457.0
Lolland,1990,82521.0
Næstved,1990,89477.0
Odsherred,1990,86891.0
Ringsted,1990,91727.0
Slagelse,1990,89261.0
Sorø,1990,88016.0
Stevns,1990,92954.0
Vordingborg,1990,85573.0
Assens,1990,84584.0
Faaborg-Midtfyn,1990,85267.0
Kerteminde,1990,89124.0
Langeland,1990,80736.0
Middelfart,1990,87763.0
Nordfyns,1990,84751.0
Nyborg,1990,86370.0
Odense,1990,85950.0
Svendborg,1990,85636.0
Ærø,1990,82200.0
Billund,1990,90121.0
Esbjerg,1990,89236.0
Fanø,1990,94424.0
Fredericia,1990,90326.0
Haderslev,1990,86292.0
Kolding,1990,88470.0
Sønderborg,1990,88084.0
Tønder,1990,86020.0
Varde,1990,87871.0
Vejen,1990,84674.0
Vejle,1990,88629.0
Aabenraa,1990,87067.0
Favrskov,1990,89015.0
Hedensted,1990,87966.0
Horsens,1990,86395.0
Norddjurs,1990,86555.0
Odder,1990,89540.0
Randers,1990,84811.0
Samsø,1990,79231.0
Silkeborg,1990,89949.0
Skanderborg,1990,90661.0
Syddjurs,1990,87664.0
Aarhus,1990,89149.0
Herning,1990,89424.0
Holstebro,1990,87180.0
Ikast-Brande,1990,86520.0
Lemvig,1990,85702.0
Ringkøbing-Skjern,1990,87748.0
Skive,1990,85329.0
Struer,1990,86086.0
Viborg,1990,86830.0
Brønderslev,1990,82392.0
Frederikshavn,1990,85996.0
Hjørring,1990,84462.0
Jammerbugt,1990,83431.0
Læsø,1990,79709.0
Mariagerfjord,1990,83335.0
Morsø,1990,82314.0
Rebild,1990,86209.0
Thisted,1990,82983.0
Vesthimmerlands,1990,80984.0
Aalborg,1990,86775.0
Copenhagen,1991,87445.0
Frederiksberg,1991,101730.0
Dragør,1991,115203.0
Tårnby,1991,101982.0
Albertslund,1991,96601.0
Ballerup,1991,99607.0
Brøndby,1991,97360.0
Gentofte,1991,126128.0
Gladsaxe,1991,98385.0
Glostrup,1991,99381.0
Herlev,1991,99781.0
Hvidovre,1991,96407.0
Høje-Taastrup,1991,100429.0
Ishøj,1991,96662.0
Lyngby-Taarbæk,1991,112578.0
Rødovre,1991,96964.0
Vallensbæk,1991,112428.0
Allerød,1991,116246.0
Egedal,1991,110415.0
Fredensborg,1991,108883.0
Frederikssund,1991,101186.0
Furesø,1991,116422.0
Gribskov,1991,102240.0
Halsnæs,1991,95709.0
Helsingør,1991,99359.0
Hillerød,1991,106357.0
Hørsholm,1991,132161.0
Rudersdal,1991,127194.0
Bornholm,1991,87867.0
Greve,1991,108530.0
Køge,1991,99316.0
Lejre,1991,105531.0
Roskilde,1991,103073.0
Solrød,1991,111504.0
Faxe,1991,93835.0
Guldborgsund,1991,89177.0
Holbæk,1991,93761.0
Kalundborg,1991,93728.0
Lolland,1991,86441.0
Næstved,1991,93855.0
Odsherred,1991,91513.0
Ringsted,1991,95770.0
Slagelse,1991,92624.0
Sorø,1991,92404.0
Stevns,1991,97979.0
Vordingborg,1991,89935.0
Assens,1991,89612.0
Faaborg-Midtfyn,1991,90107.0
Kerteminde,1991,93750.0
Langeland,1991,84427.0
Middelfart,1991,91781.0
Nordfyns,1991,90214.0
Nyborg,1991,90995.0
Odense,1991,89836.0
Svendborg,1991,90022.0
Ærø,1991,87618.0
Billund,1991,95069.0
Esbjerg,1991,94814.0
Fanø,1991,100540.0
Fredericia,1991,93648.0
Haderslev,1991,90458.0
Kolding,1991,92727.0
Sønderborg,1991,91864.0
Tønder,1991,90952.0
Varde,1991,93162.0
Vejen,1991,90134.0
Vejle,1991,92685.0
Aabenraa,1991,91991.0
Favrskov,1991,94503.0
Hedensted,1991,93519.0
Horsens,1991,91479.0
Norddjurs,1991,89631.0
Odder,1991,94800.0
Randers,1991,89053.0
Samsø,1991,83873.0
Silkeborg,1991,95365.0
Skanderborg,1991,95395.0
Syddjurs,1991,92090.0
Aarhus,1991,93087.0
Herning,1991,94101.0
Holstebro,1991,91841.0
Ikast-Brande,1991,92943.0
Lemvig,1991,90826.0
Ringkøbing-Skjern,1991,92674.0
Skive,1991,89602.0
Struer,1991,90508.0
Viborg,1991,91531.0
Brønderslev,1991,87123.0
Frederikshavn,1991,90886.0
Hjørring,1991,89815.0
Jammerbugt,1991,88065.0
Læsø,1991,86145.0
Mariagerfjord,1991,88426.0
Morsø,1991,87029.0
Rebild,1991,90967.0
Thisted,1991,88203.0
Vesthimmerlands,1991,85753.0
Aalborg,1991,91307.0
Copenhagen,1992,89913.0
Frederiksberg,1992,104476.0
Dragør,1992,117473.0
Tårnby,1992,104841.0
Albertslund,1992,99553.0
Ballerup,1992,102596.0
Brøndby,1992,99990.0
Gentofte,1992,130053.0
Gladsaxe,1992,101632.0
Glostrup,1992,102730.0
Herlev,1992,101630.0
Hvidovre,1992,99161.0
Høje-Taastrup,1992,103720.0
Ishøj,1992,99234.0
Lyngby-Taarbæk,1992,116895.0
Rødovre,1992,100161.0
Vallensbæk,1992,116254.0
Allerød,1992,119486.0
Egedal,1992,112779.0
Fredensborg,1992,111606.0
Frederikssund,1992,104013.0
Furesø,1992,121468.0
Gribskov,1992,104552.0
Halsnæs,1992,98097.0
Helsingør,1992,102182.0
Hillerød,1992,108263.0
Hørsholm,1992,133207.0
Rudersdal,1992,132939.0
Bornholm,1992,89864.0
Greve,1992,110734.0
Køge,1992,101773.0
Lejre,1992,109909.0
Roskilde,1992,106188.0
Solrød,1992,112592.0
Faxe,1992,96599.0
Guldborgsund,1992,91482.0
Holbæk,1992,97340.0
Kalundborg,1992,97130.0
Lolland,1992,88281.0
Næstved,1992,95865.0
Odsherred,1992,94688.0
Ringsted,1992,97789.0
Slagelse,1992,95298.0
Sorø,1992,94806.0
Stevns,1992,100512.0
Vordingborg,1992,92171.0
Assens,1992,92028.0
Faaborg-Midtfyn,1992,93564.0
Kerteminde,1992,97425.0
Langeland,1992,87667.0
Middelfart,1992,95159.0
Nordfyns,1992,93013.0
Nyborg,1992,93817.0
Odense,1992,92383.0
Svendborg,1992,93241.0
Ærø,1992,91730.0
Billund,1992,99278.0
Esbjerg,1992,96818.0
Fanø,1992,104012.0
Fredericia,1992,97217.0
Haderslev,1992,94661.0
Kolding,1992,96318.0
Sønderborg,1992,96524.0
Tønder,1992,94112.0
Varde,1992,96455.0
Vejen,1992,93524.0
Vejle,1992,97055.0
Aabenraa,1992,95734.0
Favrskov,1992,97655.0
Hedensted,1992,97176.0
Horsens,1992,94701.0
Norddjurs,1992,92724.0
Odder,1992,98794.0
Randers,1992,91981.0
Samsø,1992,86879.0
Silkeborg,1992,97893.0
Skanderborg,1992,99825.0
Syddjurs,1992,95568.0
Aarhus,1992,96069.0
Herning,1992,97033.0
Holstebro,1992,95008.0
Ikast-Brande,1992,95658.0
Lemvig,1992,93183.0
Ringkøbing-Skjern,1992,94810.0
Skive,1992,92492.0
Struer,1992,93976.0
Viborg,1992,94395.0
Brønderslev,1992,90006.0
Frederikshavn,1992,94188.0
Hjørring,1992,93175.0
Jammerbugt,1992,91150.0
Læsø,1992,88509.0
Mariagerfjord,1992,91246.0
Morsø,1992,90597.0
Rebild,1992,94188.0
Thisted,1992,91453.0
Vesthimmerlands,1992,89643.0
Aalborg,1992,93776.0
Copenhagen,1993,92242.0
Frederiksberg,1993,108892.0
Dragør,1993,122416.0
Tårnby,1993,107567.0
Albertslund,1993,102212.0
Ballerup,1993,105856.0
Brøndby,1993,101606.0
Gentofte,1993,135270.0
Gladsaxe,1993,104543.0
Glostrup,1993,104674.0
Herlev,1993,104458.0
Hvidovre,1993,101883.0
Høje-Taastrup,1993,106009.0
Ishøj,1993,100698.0
Lyngby-Taarbæk,1993,122664.0
Rødovre,1993,102676.0
Vallensbæk,1993,120595.0
Allerød,1993,123618.0
Egedal,1993,116548.0
Fredensborg,1993,114942.0
Frederikssund,1993,107035.0
Furesø,1993,120237.0
Gribskov,1993,107443.0
Halsnæs,1993,100334.0
Helsingør,1993,105203.0
Hillerød,1993,111531.0
Hørsholm,1993,151919.0
Rudersdal,1993,136778.0
Bornholm,1993,93151.0
Greve,1993,114647.0
Køge,1993,104825.0
Lejre,1993,113982.0
Roskilde,1993,109965.0
Solrød,1993,121631.0
Faxe,1993,99727.0
Guldborgsund,1993,94705.0
Holbæk,1993,100032.0
Kalundborg,1993,100054.0
Lolland,1993,90725.0
Næstved,1993,98887.0
Odsherred,1993,98069.0
Ringsted,1993,100210.0
Slagelse,1993,99022.0
Sorø,1993,97579.0
Stevns,1993,104588.0
Vordingborg,1993,95643.0
Assens,1993,94739.0
Faaborg-Midtfyn,1993,96460.0
Kerteminde,1993,99665.0
Langeland,1993,90236.0
Middelfart,1993,98352.0
Nordfyns,1993,95839.0
Nyborg,1993,95977.0
Odense,1993,95503.0
Svendborg,1993,96131.0
Ærø,1993,93505.0
Billund,1993,105279.0
Esbjerg,1993,100355.0
Fanø,1993,107256.0
Fredericia,1993,100147.0
Haderslev,1993,98231.0
Kolding,1993,99842.0
Sønderborg,1993,99621.0
Tønder,1993,97210.0
Varde,1993,99777.0
Vejen,1993,96738.0
Vejle,1993,99288.0
Aabenraa,1993,99072.0
Favrskov,1993,100604.0
Hedensted,1993,100169.0
Horsens,1993,97509.0
Norddjurs,1993,95221.0
Odder,1993,100681.0
Randers,1993,95214.0
Samsø,1993,89006.0
Silkeborg,1993,103283.0
Skanderborg,1993,102820.0
Syddjurs,1993,99025.0
Aarhus,1993,98974.0
Herning,1993,99862.0
Holstebro,1993,98602.0
Ikast-Brande,1993,98989.0
Lemvig,1993,95364.0
Ringkøbing-Skjern,1993,98796.0
Skive,1993,96325.0
Struer,1993,97326.0
Viborg,1993,97300.0
Brønderslev,1993,92793.0
Frederikshavn,1993,97353.0
Hjørring,1993,96029.0
Jammerbugt,1993,94522.0
Læsø,1993,88936.0
Mariagerfjord,1993,94092.0
Morsø,1993,93881.0
Rebild,1993,97887.0
Thisted,1993,94366.0
Vesthimmerlands,1993,92609.0
Aalborg,1993,96710.0
Copenhagen,1994,97883.0
Frederiksberg,1994,115211.0
Dragør,1994,130163.0
Tårnby,1994,115017.0
Albertslund,1994,108465.0
Ballerup,1994,112852.0
Brøndby,1994,107478.0
Gentofte,1994,147438.0
Gladsaxe,1994,111494.0
Glostrup,1994,111225.0
Herlev,1994,110658.0
Hvidovre,1994,108493.0
Høje-Taastrup,1994,113599.0
Ishøj,1994,107942.0
Lyngby-Taarbæk,1994,130037.0
Rødovre,1994,109599.0
Vallensbæk,1994,129534.0
Allerød,1994,132346.0
Egedal,1994,125499.0
Fredensborg,1994,122754.0
Frederikssund,1994,114414.0
Furesø,1994,133881.0
Gribskov,1994,116258.0
Halsnæs,1994,107621.0
Helsingør,1994,112154.0
Hillerød,1994,120487.0
Hørsholm,1994,149683.0
Rudersdal,1994,136239.0
Bornholm,1994,99348.0
Greve,1994,123032.0
Køge,1994,112801.0
Lejre,1994,122269.0
Roskilde,1994,117582.0
Solrød,1994,127616.0
Faxe,1994,106611.0
Guldborgsund,1994,100092.0
Holbæk,1994,107601.0
Kalundborg,1994,107082.0
Lolland,1994,96888.0
Næstved,1994,106325.0
Odsherred,1994,104420.0
Ringsted,1994,108173.0
Slagelse,1994,105459.0
Sorø,1994,104831.0
Stevns,1994,111867.0
Vordingborg,1994,102384.0
Assens,1994,102598.0
Faaborg-Midtfyn,1994,103547.0
Kerteminde,1994,108167.0
Langeland,1994,96196.0
Middelfart,1994,105661.0
Nordfyns,1994,102877.0
Nyborg,1994,102618.0
Odense,1994,101683.0
Svendborg,1994,102430.0
Ærø,1994,101073.0
Billund,1994,111923.0
Esbjerg,1994,107038.0
Fanø,1994,116041.0
Fredericia,1994,107085.0
Haderslev,1994,103410.0
Kolding,1994,107243.0
Sønderborg,1994,106628.0
Tønder,1994,104594.0
Varde,1994,107113.0
Vejen,1994,103383.0
Vejle,1994,107541.0
Aabenraa,1994,106857.0
Favrskov,1994,109774.0
Hedensted,1994,108417.0
Horsens,1994,105214.0
Norddjurs,1994,102788.0
Odder,1994,108187.0
Randers,1994,102619.0
Samsø,1994,96515.0
Silkeborg,1994,110616.0
Skanderborg,1994,111089.0
Syddjurs,1994,104095.0
Aarhus,1994,105902.0
Herning,1994,108321.0
Holstebro,1994,107402.0
Ikast-Brande,1994,104964.0
Lemvig,1994,103874.0
Ringkøbing-Skjern,1994,106738.0
Skive,1994,103319.0
Struer,1994,103946.0
Viborg,1994,104939.0
Brønderslev,1994,99599.0
Frederikshavn,1994,105154.0
Hjørring,1994,103595.0
Jammerbugt,1994,101568.0
Læsø,1994,98880.0
Mariagerfjord,1994,102124.0
Morsø,1994,100267.0
Rebild,1994,105508.0
Thisted,1994,101091.0
Vesthimmerlands,1994,100566.0
Aalborg,1994,103276.0
Copenhagen,1995,101758.0
Frederiksberg,1995,120801.0
Dragør,1995,137056.0
Tårnby,1995,119115.0
Albertslund,1995,112856.0
Ballerup,1995,117453.0
Brøndby,1995,110050.0
Gentofte,1995,155250.0
Gladsaxe,1995,116897.0
Glostrup,1995,116190.0
Herlev,1995,115151.0
Hvidovre,1995,111662.0
Høje-Taastrup,1995,118443.0
Ishøj,1995,111783.0
Lyngby-Taarbæk,1995,135100.0
Rødovre,1995,113229.0
Vallensbæk,1995,133356.0
Allerød,1995,138881.0
Egedal,1995,131844.0
Fredensborg,1995,129645.0
Frederikssund,1995,120521.0
Furesø,1995,141864.0
Gribskov,1995,120624.0
Halsnæs,1995,112511.0
Helsingør,1995,117483.0
Hillerød,1995,125724.0
Hørsholm,1995,165865.0
Rudersdal,1995,156140.0
Bornholm,1995,103245.0
Greve,1995,129219.0
Køge,1995,118468.0
Lejre,1995,128253.0
Roskilde,1995,124667.0
Solrød,1995,133983.0
Faxe,1995,111233.0
Guldborgsund,1995,104034.0
Holbæk,1995,111536.0
Kalundborg,1995,111553.0
Lolland,1995,99780.0
Næstved,1995,110577.0
Odsherred,1995,107405.0
Ringsted,1995,113901.0
Slagelse,1995,110078.0
Sorø,1995,110071.0
Stevns,1995,116517.0
Vordingborg,1995,105398.0
Assens,1995,107059.0
Faaborg-Midtfyn,1995,107915.0
Kerteminde,1995,112894.0
Langeland,1995,100457.0
Middelfart,1995,111008.0
Nordfyns,1995,107524.0
Nyborg,1995,107531.0
Odense,1995,106172.0
Svendborg,1995,106328.0
Ærø,1995,106059.0
Billund,1995,116595.0
Esbjerg,1995,111764.0
Fanø,1995,122728.0
Fredericia,1995,112810.0
Haderslev,1995,108227.0
Kolding,1995,112814.0
Sønderborg,1995,111865.0
Tønder,1995,109233.0
Varde,1995,112421.0
Vejen,1995,108693.0
Vejle,1995,113225.0
Aabenraa,1995,112193.0
Favrskov,1995,113757.0
Hedensted,1995,113649.0
Horsens,1995,110085.0
Norddjurs,1995,107833.0
Odder,1995,114477.0
Randers,1995,107324.0
Samsø,1995,104217.0
Silkeborg,1995,116161.0
Skanderborg,1995,117234.0
Syddjurs,1995,112004.0
Aarhus,1995,111286.0
Herning,1995,114172.0
Holstebro,1995,112064.0
Ikast-Brande,1995,109970.0
Lemvig,1995,109433.0
Ringkøbing-Skjern,1995,112773.0
Skive,1995,107595.0
Struer,1995,110258.0
Viborg,1995,109841.0
Brønderslev,1995,104067.0
Frederikshavn,1995,108510.0
Hjørring,1995,107130.0
Jammerbugt,1995,106072.0
Læsø,1995,102846.0
Mariagerfjord,1995,106471.0
Morsø,1995,103837.0
Rebild,1995,109694.0
Thisted,1995,105388.0
Vesthimmerlands,1995,104616.0
Aalborg,1995,107745.0
Copenhagen,1996,106144.0
Frederiksberg,1996,127212.0
Dragør,1996,145144.0
Tårnby,1996,123870.0
Albertslund,1996,116396.0
Ballerup,1996,121686.0
Brøndby,1996,113460.0
Gentofte,1996,166672.0
Gladsaxe,1996,121459.0
Glostrup,1996,120267.0
Herlev,1996,119272.0
Hvidovre,1996,115867.0
Høje-Taastrup,1996,122826.0
Ishøj,1996,115655.0
Lyngby-Taarbæk,1996,143138.0
Rødovre,1996,117083.0
Vallensbæk,1996,139569.0
Allerød,1996,144199.0
Egedal,1996,137443.0
Fredensborg,1996,135416.0
Frederikssund,1996,125488.0
Furesø,1996,147201.0
Gribskov,1996,124833.0
Halsnæs,1996,116586.0
Helsingør,1996,122826.0
Hillerød,1996,130078.0
Hørsholm,1996,175005.0
Rudersdal,1996,166804.0
Bornholm,1996,105346.0
Greve,1996,134895.0
Køge,1996,123261.0
Lejre,1996,133698.0
Roskilde,1996,129608.0
Solrød,1996,140708.0
Faxe,1996,115410.0
Guldborgsund,1996,107774.0
Holbæk,1996,116027.0
Kalundborg,1996,114880.0
Lolland,1996,102805.0
Næstved,1996,114362.0
Odsherred,1996,111578.0
Ringsted,1996,118005.0
Slagelse,1996,113466.0
Sorø,1996,114716.0
Stevns,1996,120507.0
Vordingborg,1996,109236.0
Assens,1996,110849.0
Faaborg-Midtfyn,1996,111518.0
Kerteminde,1996,116633.0
Langeland,1996,104059.0
Middelfart,1996,115601.0
Nordfyns,1996,110704.0
Nyborg,1996,110688.0
Odense,1996,109910.0
Svendborg,1996,110973.0
Ærø,1996,107946.0
Billund,1996,120036.0
Esbjerg,1996,115801.0
Fanø,1996,127568.0
Fredericia,1996,117020.0
Haderslev,1996,112602.0
Kolding,1996,117269.0
Sønderborg,1996,115977.0
Tønder,1996,112734.0
Varde,1996,116851.0
Vejen,1996,112148.0
Vejle,1996,117661.0
Aabenraa,1996,116622.0
Favrskov,1996,118756.0
Hedensted,1996,117846.0
Horsens,1996,113021.0
Norddjurs,1996,111563.0
Odder,1996,118816.0
Randers,1996,111908.0
Samsø,1996,107634.0
Silkeborg,1996,123309.0
Skanderborg,1996,122430.0
Syddjurs,1996,116489.0
Aarhus,1996,115348.0
Herning,1996,117492.0
Holstebro,1996,116313.0
Ikast-Brande,1996,113588.0
Lemvig,1996,113335.0
Ringkøbing-Skjern,1996,115759.0
Skive,1996,112863.0
Struer,1996,115166.0
Viborg,1996,113670.0
Brønderslev,1996,108457.0
Frederikshavn,1996,112610.0
Hjørring,1996,111521.0
Jammerbugt,1996,110633.0
Læsø,1996,108234.0
Mariagerfjord,1996,110469.0
Morsø,1996,108570.0
Rebild,1996,113250.0
Thisted,1996,109062.0
Vesthimmerlands,1996,107918.0
Aalborg,1996,111852.0
Copenhagen,1997,109450.0
Frederiksberg,1997,131103.0
Dragør,1997,150963.0
Tårnby,1997,127729.0
Albertslund,1997,120198.0
Ballerup,1997,125963.0
Brøndby,1997,117849.0
Gentofte,1997,178773.0
Gladsaxe,1997,127724.0
Glostrup,1997,124938.0
Herlev,1997,124169.0
Hvidovre,1997,120374.0
Høje-Taastrup,1997,128682.0
Ishøj,1997,119542.0
Lyngby-Taarbæk,1997,152463.0
Rødovre,1997,121541.0
Vallensbæk,1997,147366.0
Allerød,1997,153380.0
Egedal,1997,144329.0
Fredensborg,1997,153349.0
Frederikssund,1997,131898.0
Furesø,1997,155126.0
Gribskov,1997,130776.0
Halsnæs,1997,120473.0
Helsingør,1997,127841.0
Hillerød,1997,136190.0
Hørsholm,1997,190089.0
Rudersdal,1997,178605.0
Bornholm,1997,108888.0
Greve,1997,142924.0
Køge,1997,128136.0
Lejre,1997,139646.0
Roskilde,1997,136230.0
Solrød,1997,145765.0
Faxe,1997,119189.0
Guldborgsund,1997,110901.0
Holbæk,1997,120688.0
Kalundborg,1997,118819.0
Lolland,1997,105417.0
Næstved,1997,118768.0
Odsherred,1997,114927.0
Ringsted,1997,122130.0
Slagelse,1997,117067.0
Sorø,1997,118034.0
Stevns,1997,125590.0
Vordingborg,1997,113195.0
Assens,1997,115546.0
Faaborg-Midtfyn,1997,115600.0
Kerteminde,1997,122029.0
Langeland,1997,106069.0
Middelfart,1997,120989.0
Nordfyns,1997,115178.0
Nyborg,1997,114666.0
Odense,1997,114537.0
Svendborg,1997,114515.0
Ærø,1997,112297.0
Billund,1997,123888.0
Esbjerg,1997,121431.0
Fanø,1997,131321.0
Fredericia,1997,121115.0
Haderslev,1997,116191.0
Kolding,1997,123085.0
Sønderborg,1997,120192.0
Tønder,1997,116135.0
Varde,1997,121002.0
Vejen,1997,116109.0
Vejle,1997,124396.0
Aabenraa,1997,120183.0
Favrskov,1997,123135.0
Hedensted,1997,123349.0
Horsens,1997,118328.0
Norddjurs,1997,114709.0
Odder,1997,123350.0
Randers,1997,115953.0
Samsø,1997,109741.0
Silkeborg,1997,124794.0
Skanderborg,1997,128109.0
Syddjurs,1997,120606.0
Aarhus,1997,119995.0
Herning,1997,122719.0
Holstebro,1997,120554.0
Ikast-Brande,1997,119148.0
Lemvig,1997,118258.0
Ringkøbing-Skjern,1997,120752.0
Skive,1997,115754.0
Struer,1997,120412.0
Viborg,1997,118719.0
Brønderslev,1997,113089.0
Frederikshavn,1997,116842.0
Hjørring,1997,115255.0
Jammerbugt,1997,114387.0
Læsø,1997,112368.0
Mariagerfjord,1997,115387.0
Morsø,1997,111771.0
Rebild,1997,118242.0
Thisted,1997,114354.0
Vesthimmerlands,1997,111817.0
Aalborg,1997,116150.0
Copenhagen,1998,115502.0
Frederiksberg,1998,138973.0
Dragør,1998,158566.0
Tårnby,1998,133199.0
Albertslund,1998,125918.0
Ballerup,1998,132654.0
Brøndby,1998,123665.0
Gentofte,1998,189353.0
Gladsaxe,1998,133566.0
Glostrup,1998,130884.0
Herlev,1998,129825.0
Hvidovre,1998,126266.0
Høje-Taastrup,1998,133718.0
Ishøj,1998,125217.0
Lyngby-Taarbæk,1998,158235.0
Rødovre,1998,127103.0
Vallensbæk,1998,153332.0
Allerød,1998,161577.0
Egedal,1998,151523.0
Fredensborg,1998,150204.0
Frederikssund,1998,134591.0
Furesø,1998,163613.0
Gribskov,1998,138028.0
Halsnæs,1998,125713.0
Helsingør,1998,135926.0
Hillerød,1998,143334.0
Hørsholm,1998,199207.0
Rudersdal,1998,191180.0
Bornholm,1998,113408.0
Greve,1998,149391.0
Køge,1998,134413.0
Lejre,1998,145091.0
Roskilde,1998,143090.0
Solrød,1998,154173.0
Faxe,1998,125157.0
Guldborgsund,1998,115187.0
Holbæk,1998,126355.0
Kalundborg,1998,123786.0
Lolland,1998,110012.0
Næstved,1998,124214.0
Odsherred,1998,119162.0
Ringsted,1998,126715.0
Slagelse,1998,122019.0
Sorø,1998,123878.0
Stevns,1998,130311.0
Vordingborg,1998,117942.0
Assens,1998,120668.0
Faaborg-Midtfyn,1998,120059.0
Kerteminde,1998,126932.0
Langeland,1998,109661.0
Middelfart,1998,126536.0
Nordfyns,1998,119949.0
Nyborg,1998,119612.0
Odense,1998,120121.0
Svendborg,1998,119866.0
Ærø,1998,115958.0
Billund,1998,130048.0
Esbjerg,1998,126184.0
Fanø,1998,139591.0
Fredericia,1998,126527.0
Haderslev,1998,120168.0
Kolding,1998,128557.0
Sønderborg,1998,125112.0
Tønder,1998,121232.0
Varde,1998,125096.0
Vejen,1998,120380.0
Vejle,1998,128233.0
Aabenraa,1998,124994.0
Favrskov,1998,128796.0
Hedensted,1998,128191.0
Horsens,1998,123924.0
Norddjurs,1998,118180.0
Odder,1998,130661.0
Randers,1998,120986.0
Samsø,1998,113992.0
Silkeborg,1998,131164.0
Skanderborg,1998,134198.0
Syddjurs,1998,125704.0
Aarhus,1998,125176.0
Herning,1998,127903.0
Holstebro,1998,126564.0
Ikast-Brande,1998,122490.0
Lemvig,1998,122606.0
Ringkøbing-Skjern,1998,126169.0
Skive,1998,120702.0
Struer,1998,123907.0
Viborg,1998,124035.0
Brønderslev,1998,116230.0
Frederikshavn,1998,121397.0
Hjørring,1998,118900.0
Jammerbugt,1998,120542.0
Læsø,1998,115348.0
Mariagerfjord,1998,119832.0
Morsø,1998,115321.0
Rebild,1998,123121.0
Thisted,1998,118727.0
Vesthimmerlands,1998,116720.0
Aalborg,1998,121478.0
Copenhagen,1999,120124.0
Frederiksberg,1999,146269.0
Dragør,1999,164352.0
Tårnby,1999,137477.0
Albertslund,1999,130219.0
Ballerup,1999,136861.0
Brøndby,1999,126543.0
Gentofte,1999,192769.0
Gladsaxe,1999,138007.0
Glostrup,1999,135302.0
Herlev,1999,134415.0
Hvidovre,1999,130253.0
Høje-Taastrup,1999,137985.0
Ishøj,1999,128126.0
Lyngby-Taarbæk,1999,164898.0
Rødovre,1999,130701.0
Vallensbæk,1999,159294.0
Allerød,1999,166095.0
Egedal,1999,156289.0
Fredensborg,1999,155993.0
Frederikssund,1999,140057.0
Furesø,1999,166759.0
Gribskov,1999,141906.0
Halsnæs,1999,129379.0
Helsingør,1999,141258.0
Hillerød,1999,148298.0
Hørsholm,1999,204650.0
Rudersdal,1999,194957.0
Bornholm,1999,116256.0
Greve,1999,152686.0
Køge,1999,138290.0
Lejre,1999,148862.0
Roskilde,1999,147348.0
Solrød,1999,157981.0
Faxe,1999,128948.0
Guldborgsund,1999,119221.0
Holbæk,1999,130103.0
Kalundborg,1999,126342.0
Lolland,1999,112608.0
Næstved,1999,128231.0
Odsherred,1999,121969.0
Ringsted,1999,131882.0
Slagelse,1999,124254.0
Sorø,1999,128491.0
Stevns,1999,135155.0
Vordingborg,1999,122372.0
Assens,1999,123645.0
Faaborg-Midtfyn,1999,123149.0
Kerteminde,1999,130386.0
Langeland,1999,112094.0
Middelfart,1999,130409.0
Nordfyns,1999,121805.0
Nyborg,1999,121582.0
Odense,1999,123121.0
Svendborg,1999,122339.0
Ærø,1999,118102.0
Billund,1999,138967.0
Esbjerg,1999,128746.0
Fanø,1999,142554.0
Fredericia,1999,129648.0
Haderslev,1999,123793.0
Kolding,1999,132780.0
Sønderborg,1999,126464.0
Tønder,1999,123015.0
Varde,1999,128240.0
Vejen,1999,124201.0
Vejle,1999,134395.0
Aabenraa,1999,128638.0
Favrskov,1999,133414.0
Hedensted,1999,132441.0
Horsens,1999,128422.0
Norddjurs,1999,121907.0
Odder,1999,136536.0
Randers,1999,124837.0
Samsø,1999,118157.0
Silkeborg,1999,134826.0
Skanderborg,1999,139017.0
Syddjurs,1999,130974.0
Aarhus,1999,129372.0
Herning,1999,130671.0
Holstebro,1999,127410.0
Ikast-Brande,1999,126761.0
Lemvig,1999,124895.0
Ringkøbing-Skjern,1999,127596.0
Skive,1999,123184.0
Struer,1999,125789.0
Viborg,1999,127093.0
Brønderslev,1999,119493.0
Frederikshavn,1999,123191.0
Hjørring,1999,121080.0
Jammerbugt,1999,122374.0
Læsø,1999,118626.0
Mariagerfjord,1999,122779.0
Morsø,1999,117079.0
Rebild,1999,126919.0
Thisted,1999,121513.0
Vesthimmerlands,1999,118976.0
Aalborg,1999,125117.0
Copenhagen,2000,126051.0
Frederiksberg,2000,151840.0
Dragør,2000,169155.0
Tårnby,2000,141912.0
Albertslund,2000,133963.0
Ballerup,2000,143053.0
Brøndby,2000,132274.0
Gentofte,2000,209416.0
Gladsaxe,2000,143628.0
Glostrup,2000,141710.0
Herlev,2000,139124.0
Hvidovre,2000,134216.0
Høje-Taastrup,2000,142311.0
Ishøj,2000,131842.0
Lyngby-Taarbæk,2000,174340.0
Rødovre,2000,135255.0
Vallensbæk,2000,163762.0
Allerød,2000,173626.0
Egedal,2000,162593.0
Fredensborg,2000,164314.0
Frederikssund,2000,145130.0
Furesø,2000,177209.0
Gribskov,2000,146823.0
Halsnæs,2000,134396.0
Helsingør,2000,148524.0
Hillerød,2000,154260.0
Hørsholm,2000,220055.0
Rudersdal,2000,214996.0
Bornholm,2000,120584.0
Greve,2000,159542.0
Køge,2000,144518.0
Lejre,2000,155519.0
Roskilde,2000,153556.0
Solrød,2000,166187.0
Faxe,2000,132744.0
Guldborgsund,2000,123434.0
Holbæk,2000,135222.0
Kalundborg,2000,131325.0
Lolland,2000,116863.0
Næstved,2000,132397.0
Odsherred,2000,126248.0
Ringsted,2000,136036.0
Slagelse,2000,128921.0
Sorø,2000,133482.0
Stevns,2000,140078.0
Vordingborg,2000,127461.0
Assens,2000,129465.0
Faaborg-Midtfyn,2000,128424.0
Kerteminde,2000,134420.0
Langeland,2000,117088.0
Middelfart,2000,136296.0
Nordfyns,2000,127846.0
Nyborg,2000,126896.0
Odense,2000,127145.0
Svendborg,2000,126942.0
Ærø,2000,120891.0
Billund,2000,135569.0
Esbjerg,2000,133622.0
Fanø,2000,147879.0
Fredericia,2000,134280.0
Haderslev,2000,129351.0
Kolding,2000,136777.0
Sønderborg,2000,132663.0
Tønder,2000,128322.0
Varde,2000,132741.0
Vejen,2000,128874.0
Vejle,2000,138131.0
Aabenraa,2000,133447.0
Favrskov,2000,138348.0
Hedensted,2000,138889.0
Horsens,2000,132801.0
Norddjurs,2000,125641.0
Odder,2000,141579.0
Randers,2000,128679.0
Samsø,2000,121039.0
Silkeborg,2000,140678.0
Skanderborg,2000,144354.0
Syddjurs,2000,135199.0
Aarhus,2000,133380.0
Herning,2000,135809.0
Holstebro,2000,132362.0
Ikast-Brande,2000,133447.0
Lemvig,2000,130183.0
Ringkøbing-Skjern,2000,133488.0
Skive,2000,128394.0
Struer,2000,131195.0
Viborg,2000,132253.0
Brønderslev,2000,126330.0
Frederikshavn,2000,126598.0
Hjørring,2000,124814.0
Jammerbugt,2000,127780.0
Læsø,2000,120521.0
Mariagerfjord,2000,127842.0
Morsø,2000,123162.0
Rebild,2000,133095.0
Thisted,2000,127697.0
Vesthimmerlands,2000,123058.0
Aalborg,2000,130777.0
Copenhagen,2001,130923.0
Frederiksberg,2001,158658.0
Dragør,2001,176031.0
Tårnby,2001,147692.0
Albertslund,2001,139040.0
Ballerup,2001,147257.0
Brøndby,2001,136994.0
Gentofte,2001,219245.0
Gladsaxe,2001,149746.0
Glostrup,2001,146577.0
Herlev,2001,143401.0
Hvidovre,2001,139553.0
Høje-Taastrup,2001,148344.0
Ishøj,2001,137646.0
Lyngby-Taarbæk,2001,180433.0
Rødovre,2001,140854.0
Vallensbæk,2001,168956.0
Allerød,2001,180425.0
Egedal,2001,170811.0
Fredensborg,2001,168696.0
Frederikssund,2001,152080.0
Furesø,2001,183016.0
Gribskov,2001,153880.0
Halsnæs,2001,139078.0
Helsingør,2001,152789.0
Hillerød,2001,160843.0
Hørsholm,2001,222139.0
Rudersdal,2001,217606.0
Bornholm,2001,125114.0
Greve,2001,165980.0
Køge,2001,149396.0
Lejre,2001,162432.0
Roskilde,2001,160295.0
Solrød,2001,171973.0
Faxe,2001,139421.0
Guldborgsund,2001,128199.0
Holbæk,2001,140368.0
Kalundborg,2001,136155.0
Lolland,2001,121405.0
Næstved,2001,137206.0
Odsherred,2001,130472.0
Ringsted,2001,141307.0
Slagelse,2001,133239.0
Sorø,2001,139785.0
Stevns,2001,145870.0
Vordingborg,2001,131919.0
Assens,2001,133216.0
Faaborg-Midtfyn,2001,132405.0
Kerteminde,2001,138449.0
Langeland,2001,119712.0
Middelfart,2001,140713.0
Nordfyns,2001,132637.0
Nyborg,2001,131102.0
Odense,2001,131172.0
Svendborg,2001,131747.0
Ærø,2001,126803.0
Billund,2001,141553.0
Esbjerg,2001,136906.0
Fanø,2001,150249.0
Fredericia,2001,138409.0
Haderslev,2001,133695.0
Kolding,2001,140792.0
Sønderborg,2001,137058.0
Tønder,2001,131507.0
Varde,2001,136945.0
Vejen,2001,133990.0
Vejle,2001,142446.0
Aabenraa,2001,136031.0
Favrskov,2001,143945.0
Hedensted,2001,144133.0
Horsens,2001,137127.0
Norddjurs,2001,129870.0
Odder,2001,145083.0
Randers,2001,132944.0
Samsø,2001,126796.0
Silkeborg,2001,144802.0
Skanderborg,2001,148815.0
Syddjurs,2001,139829.0
Aarhus,2001,137859.0
Herning,2001,140906.0
Holstebro,2001,139877.0
Ikast-Brande,2001,136215.0
Lemvig,2001,136513.0
Ringkøbing-Skjern,2001,141786.0
Skive,2001,135867.0
Struer,2001,136138.0
Viborg,2001,137092.0
Brønderslev,2001,130657.0
Frederikshavn,2001,131248.0
Hjørring,2001,131201.0
Jammerbugt,2001,131975.0
Læsø,2001,124048.0
Mariagerfjord,2001,132245.0
Morsø,2001,129034.0
Rebild,2001,138547.0
Thisted,2001,133292.0
Vesthimmerlands,2001,127809.0
Aalborg,2001,133945.0
Copenhagen,2002,137294.0
Frederiksberg,2002,164326.0
Dragør,2002,183618.0
Tårnby,2002,154169.0
Albertslund,2002,143416.0
Ballerup,2002,154086.0
Brøndby,2002,142231.0
Gentofte,2002,223994.0
Gladsaxe,2002,156891.0
Glostrup,2002,152003.0
Herlev,2002,149787.0
Hvidovre,2002,145530.0
Høje-Taastrup,2002,153510.0
Ishøj,2002,142836.0
Lyngby-Taarbæk,2002,187262.0
Rødovre,2002,145912.0
Vallensbæk,2002,175251.0
Allerød,2002,184412.0
Egedal,2002,176511.0
Fredensborg,2002,177354.0
Frederikssund,2002,157731.0
Furesø,2002,189244.0
Gribskov,2002,160269.0
Halsnæs,2002,145135.0
Helsingør,2002,169738.0
Hillerød,2002,169132.0
Hørsholm,2002,226921.0
Rudersdal,2002,230698.0
Bornholm,2002,129515.0
Greve,2002,172779.0
Køge,2002,155552.0
Lejre,2002,168008.0
Roskilde,2002,167259.0
Solrød,2002,179234.0
Faxe,2002,144648.0
Guldborgsund,2002,132815.0
Holbæk,2002,146281.0
Kalundborg,2002,140845.0
Lolland,2002,126520.0
Næstved,2002,142938.0
Odsherred,2002,136209.0
Ringsted,2002,146528.0
Slagelse,2002,139607.0
Sorø,2002,144544.0
Stevns,2002,149671.0
Vordingborg,2002,136713.0
Assens,2002,137629.0
Faaborg-Midtfyn,2002,135593.0
Kerteminde,2002,144438.0
Langeland,2002,123638.0
Middelfart,2002,146892.0
Nordfyns,2002,136727.0
Nyborg,2002,136056.0
Odense,2002,135811.0
Svendborg,2002,137728.0
Ærø,2002,133043.0
Billund,2002,145781.0
Esbjerg,2002,142262.0
Fanø,2002,159242.0
Fredericia,2002,144250.0
Haderslev,2002,137633.0
Kolding,2002,145706.0
Sønderborg,2002,139258.0
Tønder,2002,133734.0
Varde,2002,141006.0
Vejen,2002,137705.0
Vejle,2002,147906.0
Aabenraa,2002,141262.0
Favrskov,2002,149079.0
Hedensted,2002,148463.0
Horsens,2002,141077.0
Norddjurs,2002,134347.0
Odder,2002,149908.0
Randers,2002,138124.0
Samsø,2002,129275.0
Silkeborg,2002,150402.0
Skanderborg,2002,154968.0
Syddjurs,2002,145636.0
Aarhus,2002,142971.0
Herning,2002,143597.0
Holstebro,2002,142416.0
Ikast-Brande,2002,139693.0
Lemvig,2002,139684.0
Ringkøbing-Skjern,2002,143074.0
Skive,2002,135935.0
Struer,2002,139860.0
Viborg,2002,141516.0
Brønderslev,2002,133485.0
Frederikshavn,2002,136359.0
Hjørring,2002,136130.0
Jammerbugt,2002,136503.0
Læsø,2002,128915.0
Mariagerfjord,2002,136182.0
Morsø,2002,131935.0
Rebild,2002,142334.0
Thisted,2002,134910.0
Vesthimmerlands,2002,133325.0
Aalborg,2002,138524.0
Copenhagen,2003,141610.0
Frederiksberg,2003,167543.0
Dragør,2003,192308.0
Tårnby,2003,160771.0
Albertslund,2003,146751.0
Ballerup,2003,157965.0
Brøndby,2003,146435.0
Gentofte,2003,232067.0
Gladsaxe,2003,161841.0
Glostrup,2003,157157.0
Herlev,2003,154988.0
Hvidovre,2003,151094.0
Høje-Taastrup,2003,159126.0
Ishøj,2003,147137.0
Lyngby-Taarbæk,2003,192367.0
Rødovre,2003,152317.0
Vallensbæk,2003,182815.0
Allerød,2003,195483.0
Egedal,2003,181396.0
Fredensborg,2003,182487.0
Frederikssund,2003,163324.0
Furesø,2003,193285.0
Gribskov,2003,166352.0
Halsnæs,2003,149816.0
Helsingør,2003,166245.0
Hillerød,2003,173260.0
Hørsholm,2003,228902.0
Rudersdal,2003,234135.0
Bornholm,2003,132909.0
Greve,2003,177521.0
Køge,2003,160022.0
Lejre,2003,173344.0
Roskilde,2003,171899.0
Solrød,2003,184808.0
Faxe,2003,148695.0
Guldborgsund,2003,137365.0
Holbæk,2003,150730.0
Kalundborg,2003,145126.0
Lolland,2003,130414.0
Næstved,2003,147243.0
Odsherred,2003,140760.0
Ringsted,2003,151424.0
Slagelse,2003,142781.0
Sorø,2003,149067.0
Stevns,2003,154282.0
Vordingborg,2003,141014.0
Assens,2003,142009.0
Faaborg-Midtfyn,2003,139908.0
Kerteminde,2003,146142.0
Langeland,2003,126487.0
Middelfart,2003,150376.0
Nordfyns,2003,138670.0
Nyborg,2003,141278.0
Odense,2003,139927.0
Svendborg,2003,141454.0
Ærø,2003,136451.0
Billund,2003,149429.0
Esbjerg,2003,146276.0
Fanø,2003,163273.0
Fredericia,2003,148218.0
Haderslev,2003,140377.0
Kolding,2003,149230.0
Sønderborg,2003,140214.0
Tønder,2003,137233.0
Varde,2003,144780.0
Vejen,2003,141398.0
Vejle,2003,152852.0
Aabenraa,2003,143946.0
Favrskov,2003,152990.0
Hedensted,2003,151271.0
Horsens,2003,145687.0
Norddjurs,2003,138086.0
Odder,2003,154240.0
Randers,2003,141700.0
Samsø,2003,133507.0
Silkeborg,2003,156067.0
Skanderborg,2003,160751.0
Syddjurs,2003,149198.0
Aarhus,2003,148044.0
Herning,2003,147142.0
Holstebro,2003,145064.0
Ikast-Brande,2003,143946.0
Lemvig,2003,140445.0
Ringkøbing-Skjern,2003,145437.0
Skive,2003,139005.0
Struer,2003,141760.0
Viborg,2003,146161.0
Brønderslev,2003,135944.0
Frederikshavn,2003,140244.0
Hjørring,2003,138560.0
Jammerbugt,2003,140003.0
Læsø,2003,130502.0
Mariagerfjord,2003,140606.0
Morsø,2003,134464.0
Rebild,2003,145465.0
Thisted,2003,137633.0
Vesthimmerlands,2003,136822.0
Aalborg,2003,142408.0
Copenhagen,2004,148965.0
Frederiksberg,2004,177691.0
Dragør,2004,201595.0
Tårnby,2004,169423.0
Albertslund,2004,153294.0
Ballerup,2004,165626.0
Brøndby,2004,153287.0
Gentofte,2004,249015.0
Gladsaxe,2004,169779.0
Glostrup,2004,166114.0
Herlev,2004,161423.0
Hvidovre,2004,158995.0
Høje-Taastrup,2004,166202.0
Ishøj,2004,152682.0
Lyngby-Taarbæk,2004,203524.0
Rødovre,2004,159483.0
Vallensbæk,2004,190410.0
Allerød,2004,206902.0
Egedal,2004,191056.0
Fredensborg,2004,191442.0
Frederikssund,2004,172340.0
Furesø,2004,200570.0
Gribskov,2004,175902.0
Halsnæs,2004,158141.0
Helsingør,2004,174286.0
Hillerød,2004,183075.0
Hørsholm,2004,244811.0
Rudersdal,2004,252036.0
Bornholm,2004,140879.0
Greve,2004,186606.0
Køge,2004,169167.0
Lejre,2004,182843.0
Roskilde,2004,181251.0
Solrød,2004,193699.0
Faxe,2004,157357.0
Guldborgsund,2004,145188.0
Holbæk,2004,159511.0
Kalundborg,2004,153745.0
Lolland,2004,137184.0
Næstved,2004,155388.0
Odsherred,2004,148054.0
Ringsted,2004,160761.0
Slagelse,2004,151104.0
Sorø,2004,158731.0
Stevns,2004,162212.0
Vordingborg,2004,147870.0
Assens,2004,150020.0
Faaborg-Midtfyn,2004,148173.0
Kerteminde,2004,155659.0
Langeland,2004,132848.0
Middelfart,2004,158209.0
Nordfyns,2004,147639.0
Nyborg,2004,148457.0
Odense,2004,147206.0
Svendborg,2004,148506.0
Ærø,2004,142274.0
Billund,2004,157900.0
Esbjerg,2004,155197.0
Fanø,2004,170000.0
Fredericia,2004,156396.0
Haderslev,2004,149655.0
Kolding,2004,159265.0
Sønderborg,2004,152297.0
Tønder,2004,145983.0
Varde,2004,154533.0
Vejen,2004,150203.0
Vejle,2004,162865.0
Aabenraa,2004,153381.0
Favrskov,2004,162330.0
Hedensted,2004,161437.0
Horsens,2004,153278.0
Norddjurs,2004,146112.0
Odder,2004,164544.0
Randers,2004,150418.0
Samsø,2004,142394.0
Silkeborg,2004,165406.0
Skanderborg,2004,170757.0
Syddjurs,2004,159368.0
Aarhus,2004,155566.0
Herning,2004,156753.0
Holstebro,2004,154250.0
Ikast-Brande,2004,152415.0
Lemvig,2004,150287.0
Ringkøbing-Skjern,2004,156366.0
Skive,2004,148832.0
Struer,2004,152118.0
Viborg,2004,154332.0
Brønderslev,2004,146043.0
Frederikshavn,2004,148340.0
Hjørring,2004,149099.0
Jammerbugt,2004,147705.0
Læsø,2004,139673.0
Mariagerfjord,2004,149537.0
Morsø,2004,148113.0
Rebild,2004,156351.0
Thisted,2004,147494.0
Vesthimmerlands,2004,145192.0
Aalborg,2004,150951.0
Copenhagen,2005,155028.0
Frederiksberg,2005,185689.0
Dragør,2005,209173.0
Tårnby,2005,175425.0
Albertslund,2005,156611.0
Ballerup,2005,171156.0
Brøndby,2005,158277.0
Gentofte,2005,286140.0
Gladsaxe,2005,179654.0
Glostrup,2005,171722.0
Herlev,2005,168435.0
Hvidovre,2005,164943.0
Høje-Taastrup,2005,171985.0
Ishøj,2005,157081.0
Lyngby-Taarbæk,2005,217526.0
Rødovre,2005,165924.0
Vallensbæk,2005,198079.0
Allerød,2005,217789.0
Egedal,2005,198735.0
Fredensborg,2005,202244.0
Frederikssund,2005,179475.0
Furesø,2005,210919.0
Gribskov,2005,183909.0
Halsnæs,2005,166695.0
Helsingør,2005,182892.0
Hillerød,2005,191690.0
Hørsholm,2005,258803.0
Rudersdal,2005,267556.0
Bornholm,2005,145774.0
Greve,2005,193244.0
Køge,2005,174364.0
Lejre,2005,190147.0
Roskilde,2005,187680.0
Solrød,2005,201318.0
Faxe,2005,162320.0
Guldborgsund,2005,150872.0
Holbæk,2005,166205.0
Kalundborg,2005,159622.0
Lolland,2005,141558.0
Næstved,2005,161231.0
Odsherred,2005,155033.0
Ringsted,2005,166863.0
Slagelse,2005,156701.0
Sorø,2005,165450.0
Stevns,2005,169192.0
Vordingborg,2005,154559.0
Assens,2005,153647.0
Faaborg-Midtfyn,2005,151763.0
Kerteminde,2005,160281.0
Langeland,2005,138031.0
Middelfart,2005,164589.0
Nordfyns,2005,152262.0
Nyborg,2005,152649.0
Odense,2005,152747.0
Svendborg,2005,154097.0
Ærø,2005,144583.0
Billund,2005,161823.0
Esbjerg,2005,159697.0
Fanø,2005,174967.0
Fredericia,2005,162377.0
Haderslev,2005,155234.0
Kolding,2005,164881.0
Sønderborg,2005,155482.0
Tønder,2005,150031.0
Varde,2005,160036.0
Vejen,2005,156107.0
Vejle,2005,169130.0
Aabenraa,2005,157175.0
Favrskov,2005,167660.0
Hedensted,2005,168349.0
Horsens,2005,160218.0
Norddjurs,2005,151407.0
Odder,2005,170445.0
Randers,2005,155357.0
Samsø,2005,145127.0
Silkeborg,2005,171537.0
Skanderborg,2005,178861.0
Syddjurs,2005,163602.0
Aarhus,2005,164626.0
Herning,2005,163648.0
Holstebro,2005,161337.0
Ikast-Brande,2005,157703.0
Lemvig,2005,154730.0
Ringkøbing-Skjern,2005,163555.0
Skive,2005,153804.0
Struer,2005,158425.0
Viborg,2005,160150.0
Brønderslev,2005,151899.0
Frederikshavn,2005,153404.0
Hjørring,2005,152785.0
Jammerbugt,2005,153974.0
Læsø,2005,143908.0
Mariagerfjord,2005,154025.0
Morsø,2005,150137.0
Rebild,2005,161358.0
Thisted,2005,152611.0
Vesthimmerlands,2005,150897.0
Aalborg,2005,155877.0
Copenhagen,2006,161706.0
Frederiksberg,2006,195470.0
Dragør,2006,216054.0
Tårnby,2006,181010.0
Albertslund,2006,161196.0
Ballerup,2006,176236.0
Brøndby,2006,162922.0
Gentofte,2006,300141.0
Gladsaxe,2006,183994.0
Glostrup,2006,176367.0
Herlev,2006,173950.0
Hvidovre,2006,169722.0
Høje-Taastrup,2006,175861.0
Ishøj,2006,160929.0
Lyngby-Taarbæk,2006,224145.0
Rødovre,2006,170876.0
Vallensbæk,2006,203558.0
Allerød,2006,223367.0
Egedal,2006,203930.0
Fredensborg,2006,208499.0
Frederikssund,2006,185568.0
Furesø,2006,219281.0
Gribskov,2006,190893.0
Halsnæs,2006,171975.0
Helsingør,2006,187215.0
Hillerød,2006,196464.0
Hørsholm,2006,274922.0
Rudersdal,2006,285218.0
Bornholm,2006,150963.0
Greve,2006,198576.0
Køge,2006,180304.0
Lejre,2006,195173.0
Roskilde,2006,193899.0
Solrød,2006,208135.0
Faxe,2006,167467.0
Guldborgsund,2006,157570.0
Holbæk,2006,170917.0
Kalundborg,2006,166345.0
Lolland,2006,146057.0
Næstved,2006,166650.0
Odsherred,2006,160442.0
Ringsted,2006,172900.0
Slagelse,2006,162088.0
Sorø,2006,171131.0
Stevns,2006,175073.0
Vordingborg,2006,159380.0
Assens,2006,160910.0
Faaborg-Midtfyn,2006,158752.0
Kerteminde,2006,164872.0
Langeland,2006,145760.0
Middelfart,2006,169978.0
Nordfyns,2006,159631.0
Nyborg,2006,159766.0
Odense,2006,158000.0
Svendborg,2006,160304.0
Ærø,2006,151732.0
Billund,2006,167878.0
Esbjerg,2006,166600.0
Fanø,2006,180694.0
Fredericia,2006,169317.0
Haderslev,2006,162702.0
Kolding,2006,172267.0
Sønderborg,2006,161044.0
Tønder,2006,157835.0
Varde,2006,166351.0
Vejen,2006,161810.0
Vejle,2006,176771.0
Aabenraa,2006,162941.0
Favrskov,2006,175227.0
Hedensted,2006,176091.0
Horsens,2006,167526.0
Norddjurs,2006,156513.0
Odder,2006,176075.0
Randers,2006,161043.0
Samsø,2006,151644.0
Silkeborg,2006,179386.0
Skanderborg,2006,187682.0
Syddjurs,2006,171048.0
Aarhus,2006,170113.0
Herning,2006,168682.0
Holstebro,2006,168243.0
Ikast-Brande,2006,165762.0
Lemvig,2006,165457.0
Ringkøbing-Skjern,2006,172308.0
Skive,2006,159993.0
Struer,2006,163254.0
Viborg,2006,167208.0
Brønderslev,2006,159080.0
Frederikshavn,2006,162556.0
Hjørring,2006,159305.0
Jammerbugt,2006,160898.0
Læsø,2006,155523.0
Mariagerfjord,2006,160886.0
Morsø,2006,154168.0
Rebild,2006,168983.0
Thisted,2006,159949.0
Vesthimmerlands,2006,156456.0
Aalborg,2006,160822.0
Copenhagen,2007,164751.0
Frederiksberg,2007,195834.0
Dragør,2007,221681.0
Tårnby,2007,183218.0
Albertslund,2007,164943.0
Ballerup,2007,179957.0
Brøndby,2007,165536.0
Gentofte,2007,301662.0
Gladsaxe,2007,186991.0
Glostrup,2007,181519.0
Herlev,2007,178441.0
Hvidovre,2007,175357.0
Høje-Taastrup,2007,179567.0
Ishøj,2007,165175.0
Lyngby-Taarbæk,2007,230635.0
Rødovre,2007,175908.0
Vallensbæk,2007,204459.0
Allerød,2007,228249.0
Egedal,2007,208161.0
Fredensborg,2007,213726.0
Frederikssund,2007,189038.0
Furesø,2007,226626.0
Gribskov,2007,195995.0
Halsnæs,2007,175756.0
Helsingør,2007,197517.0
Hillerød,2007,200569.0
Hørsholm,2007,291323.0
Rudersdal,2007,287362.0
Bornholm,2007,152750.0
Greve,2007,207562.0
Køge,2007,184362.0
Lejre,2007,198041.0
Roskilde,2007,199957.0
Solrød,2007,217627.0
Faxe,2007,173724.0
Guldborgsund,2007,159403.0
Holbæk,2007,175391.0
Kalundborg,2007,169468.0
Lolland,2007,147563.0
Næstved,2007,172441.0
Odsherred,2007,162555.0
Ringsted,2007,178779.0
Slagelse,2007,168166.0
Sorø,2007,173512.0
Stevns,2007,179093.0
Vordingborg,2007,163341.0
Assens,2007,164289.0
Faaborg-Midtfyn,2007,162317.0
Kerteminde,2007,171517.0
Langeland,2007,151466.0
Middelfart,2007,175315.0
Nordfyns,2007,160911.0
Nyborg,2007,163164.0
Odense,2007,165455.0
Svendborg,2007,167569.0
Ærø,2007,162993.0
Billund,2007,174708.0
Esbjerg,2007,170314.0
Fanø,2007,192091.0
Fredericia,2007,173423.0
Haderslev,2007,166302.0
Kolding,2007,174979.0
Sønderborg,2007,163884.0
Tønder,2007,161648.0
Varde,2007,171142.0
Vejen,2007,164204.0
Vejle,2007,180173.0
Aabenraa,2007,166983.0
Favrskov,2007,179510.0
Hedensted,2007,178520.0
Horsens,2007,171357.0
Norddjurs,2007,161731.0
Odder,2007,178910.0
Randers,2007,165695.0
Samsø,2007,155237.0
Silkeborg,2007,183001.0
Skanderborg,2007,191337.0
Syddjurs,2007,181701.0
Aarhus,2007,174580.0
Herning,2007,173485.0
Holstebro,2007,175298.0
Ikast-Brande,2007,174047.0
Lemvig,2007,170353.0
Ringkøbing-Skjern,2007,174267.0
Skive,2007,164777.0
Struer,2007,166958.0
Viborg,2007,172524.0
Brønderslev,2007,160605.0
Frederikshavn,2007,164633.0
Hjørring,2007,160766.0
Jammerbugt,2007,162799.0
Læsø,2007,158177.0
Mariagerfjord,2007,165453.0
Morsø,2007,153034.0
Rebild,2007,171714.0
Thisted,2007,165314.0
Vesthimmerlands,2007,160935.0
Aalborg,2007,166375.0
Copenhagen,2008,167519.0
Frederiksberg,2008,194175.0
Dragør,2008,220100.0
Tårnby,2008,186265.0
Albertslund,2008,169042.0
Ballerup,2008,182901.0
Brøndby,2008,170314.0
Gentofte,2008,275209.0
Gladsaxe,2008,189655.0
Glostrup,2008,184220.0
Herlev,2008,182484.0
Hvidovre,2008,178735.0
Høje-Taastrup,2008,182681.0
Ishøj,2008,167694.0
Lyngby-Taarbæk,2008,226855.0
Rødovre,2008,180599.0
Vallensbæk,2008,203463.0
Allerød,2008,222414.0
Egedal,2008,208794.0
Fredensborg,2008,210534.0
Frederikssund,2008,187939.0
Furesø,2008,222080.0
Gribskov,2008,191709.0
Halsnæs,2008,177756.0
Helsingør,2008,191679.0
Hillerød,2008,200693.0
Hørsholm,2008,259812.0
Rudersdal,2008,266930.0
Bornholm,2008,155300.0
Greve,2008,204182.0
Køge,2008,184889.0
Lejre,2008,197298.0
Roskilde,2008,198139.0
Solrød,2008,210799.0
Faxe,2008,173413.0
Guldborgsund,2008,160043.0
Holbæk,2008,174818.0
Kalundborg,2008,164757.0
Lolland,2008,150538.0
Næstved,2008,170481.0
Odsherred,2008,161163.0
Ringsted,2008,178548.0
Slagelse,2008,166615.0
Sorø,2008,169675.0
Stevns,2008,182697.0
Vordingborg,2008,161111.0
Assens,2008,161082.0
Faaborg-Midtfyn,2008,162912.0
Kerteminde,2008,167061.0
Langeland,2008,150802.0
Middelfart,2008,176057.0
Nordfyns,2008,159335.0
Nyborg,2008,165847.0
Odense,2008,165768.0
Svendborg,2008,170871.0
Ærø,2008,162933.0
Billund,2008,171198.0
Esbjerg,2008,172014.0
Fanø,2008,189265.0
Fredericia,2008,173585.0
Haderslev,2008,163614.0
Kolding,2008,177514.0
Sønderborg,2008,165768.0
Tønder,2008,154378.0
Varde,2008,165340.0
Vejen,2008,161476.0
Vejle,2008,179578.0
Aabenraa,2008,166290.0
Favrskov,2008,179935.0
Hedensted,2008,175190.0
Horsens,2008,168107.0
Norddjurs,2008,160051.0
Odder,2008,176608.0
Randers,2008,166411.0
Samsø,2008,156316.0
Silkeborg,2008,181306.0
Skanderborg,2008,189378.0
Syddjurs,2008,175894.0
Aarhus,2008,172568.0
Herning,2008,170883.0
Holstebro,2008,170178.0
Ikast-Brande,2008,168018.0
Lemvig,2008,163870.0
Ringkøbing-Skjern,2008,166940.0
Skive,2008,161995.0
Struer,2008,170125.0
Viborg,2008,170433.0
Brønderslev,2008,152733.0
Frederikshavn,2008,162845.0
Hjørring,2008,159361.0
Jammerbugt,2008,159344.0
Læsø,2008,151090.0
Mariagerfjord,2008,163464.0
Morsø,2008,154331.0
Rebild,2008,168398.0
Thisted,2008,160951.0
Vesthimmerlands,2008,156280.0
Aalborg,2008,167076.0
Copenhagen,2009,171951.0
Frederiksberg,2009,199731.0
Dragør,2009,217104.0
Tårnby,2009,189340.0
Albertslund,2009,172800.0
Ballerup,2009,183351.0
Brøndby,2009,171557.0
Gentofte,2009,274992.0
Gladsaxe,2009,191061.0
Glostrup,2009,187212.0
Herlev,2009,185132.0
Hvidovre,2009,179674.0
Høje-Taastrup,2009,184364.0
Ishøj,2009,167550.0
Lyngby-Taarbæk,2009,223304.0
Rødovre,2009,179581.0
Vallensbæk,2009,204412.0
Allerød,2009,224741.0
Egedal,2009,206649.0
Fredensborg,2009,208582.0
Frederikssund,2009,188638.0
Furesø,2009,221771.0
Gribskov,2009,189237.0
Halsnæs,2009,175875.0
Helsingør,2009,190185.0
Hillerød,2009,199617.0
Hørsholm,2009,250958.0
Rudersdal,2009,254810.0
Bornholm,2009,160093.0
Greve,2009,198311.0
Køge,2009,184560.0
Lejre,2009,195820.0
Roskilde,2009,196563.0
Solrød,2009,201043.0
Faxe,2009,176047.0
Guldborgsund,2009,164034.0
Holbæk,2009,179417.0
Kalundborg,2009,173131.0
Lolland,2009,156163.0
Næstved,2009,176156.0
Odsherred,2009,165045.0
Ringsted,2009,180589.0
Slagelse,2009,172499.0
Sorø,2009,179265.0
Stevns,2009,179812.0
Vordingborg,2009,165494.0
Assens,2009,168406.0
Faaborg-Midtfyn,2009,166716.0
Kerteminde,2009,173181.0
Langeland,2009,152868.0
Middelfart,2009,181640.0
Nordfyns,2009,163963.0
Nyborg,2009,171287.0
Odense,2009,170798.0
Svendborg,2009,174462.0
Ærø,2009,164857.0
Billund,2009,173384.0
Esbjerg,2009,175733.0
Fanø,2009,197164.0
Fredericia,2009,178272.0
Haderslev,2009,170670.0
Kolding,2009,179153.0
Sønderborg,2009,156977.0
Tønder,2009,157264.0
Varde,2009,168515.0
Vejen,2009,164464.0
Vejle,2009,183456.0
Aabenraa,2009,167106.0
Favrskov,2009,183567.0
Hedensted,2009,180127.0
Horsens,2009,175684.0
Norddjurs,2009,162946.0
Odder,2009,185073.0
Randers,2009,170049.0
Samsø,2009,163034.0
Silkeborg,2009,187638.0
Skanderborg,2009,194101.0
Syddjurs,2009,177203.0
Aarhus,2009,177687.0
Herning,2009,174893.0
Holstebro,2009,173063.0
Ikast-Brande,2009,169166.0
Lemvig,2009,164417.0
Ringkøbing-Skjern,2009,171904.0
Skive,2009,167319.0
Struer,2009,171382.0
Viborg,2009,176363.0
Brønderslev,2009,161583.0
Frederikshavn,2009,168186.0
Hjørring,2009,163001.0
Jammerbugt,2009,165454.0
Læsø,2009,155465.0
Mariagerfjord,2009,166503.0
Morsø,2009,156798.0
Rebild,2009,176004.0
Thisted,2009,162535.0
Vesthimmerlands,2009,159386.0
Aalborg,2009,171881.0
Copenhagen,2010,184281.0
Frederiksberg,2010,219475.0
Dragør,2010,242929.0
Tårnby,2010,203459.0
Albertslund,2010,183831.0
Ballerup,2010,197401.0
Brøndby,2010,182312.0
Gentofte,2010,321327.0
Gladsaxe,2010,207801.0
Glostrup,2010,201063.0
Herlev,2010,199259.0
Hvidovre,2010,193402.0
Høje-Taastrup,2010,195732.0
Ishøj,2010,179004.0
Lyngby-Taarbæk,2010,254713.0
Rødovre,2010,192209.0
Vallensbæk,2010,222513.0
Allerød,2010,251802.0
Egedal,2010,228868.0
Fredensborg,2010,232064.0
Frederikssund,2010,202635.0
Furesø,2010,248168.0
Gribskov,2010,208448.0
Halsnæs,2010,189494.0
Helsingør,2010,208852.0
Hillerød,2010,220042.0
Hørsholm,2010,303967.0
Rudersdal,2010,306853.0
Bornholm,2010,173759.0
Greve,2010,216897.0
Køge,2010,199699.0
Lejre,2010,216889.0
Roskilde,2010,214795.0
Solrød,2010,223635.0
Faxe,2010,190429.0
Guldborgsund,2010,176177.0
Holbæk,2010,194120.0
Kalundborg,2010,187246.0
Lolland,2010,166511.0
Næstved,2010,189326.0
Odsherred,2010,177967.0
Ringsted,2010,195884.0
Slagelse,2010,183665.0
Sorø,2010,191053.0
Stevns,2010,194772.0
Vordingborg,2010,179911.0
Assens,2010,181933.0
Faaborg-Midtfyn,2010,179305.0
Kerteminde,2010,186206.0
Langeland,2010,163831.0
Middelfart,2010,197527.0
Nordfyns,2010,178366.0
Nyborg,2010,182827.0
Odense,2010,184436.0
Svendborg,2010,186850.0
Ærø,2010,174682.0
Billund,2010,190905.0
Esbjerg,2010,189600.0
Fanø,2010,210107.0
Fredericia,2010,191988.0
Haderslev,2010,181337.0
Kolding,2010,195240.0
Sønderborg,2010,182900.0
Tønder,2010,169980.0
Varde,2010,181714.0
Vejen,2010,180183.0
Vejle,2010,200481.0
Aabenraa,2010,181280.0
Favrskov,2010,200651.0
Hedensted,2010,193808.0
Horsens,2010,188952.0
Norddjurs,2010,176149.0
Odder,2010,200585.0
Randers,2010,182432.0
Samsø,2010,168943.0
Silkeborg,2010,196921.0
Skanderborg,2010,212090.0
Syddjurs,2010,190967.0
Aarhus,2010,192946.0
Herning,2010,190683.0
Holstebro,2010,189285.0
Ikast-Brande,2010,184078.0
Lemvig,2010,185476.0
Ringkøbing-Skjern,2010,186306.0
Skive,2010,178510.0
Struer,2010,183709.0
Viborg,2010,191517.0
Brønderslev,2010,176238.0
Frederikshavn,2010,181012.0
Hjørring,2010,176671.0
Jammerbugt,2010,179025.0
Læsø,2010,170443.0
Mariagerfjord,2010,180701.0
Morsø,2010,166264.0
Rebild,2010,189881.0
Thisted,2010,175719.0
Vesthimmerlands,2010,170310.0
Aalborg,2010,184804.0
Copenhagen,2011,189182.0
Frederiksberg,2011,224754.0
Dragør,2011,261933.0
Tårnby,2011,209500.0
Albertslund,2011,182828.0
Ballerup,2011,202452.0
Brøndby,2011,185604.0
Gentofte,2011,339165.0
Gladsaxe,2011,213516.0
Glostrup,2011,202928.0
Herlev,2011,203029.0
Hvidovre,2011,196751.0
Høje-Taastrup,2011,198826.0
Ishøj,2011,181875.0
Lyngby-Taarbæk,2011,263333.0
Rødovre,2011,196608.0
Vallensbæk,2011,225587.0
Allerød,2011,261760.0
Egedal,2011,232521.0
Fredensborg,2011,235433.0
Frederikssund,2011,206586.0
Furesø,2011,254231.0
Gribskov,2011,210245.0
Halsnæs,2011,191281.0
Helsingør,2011,213742.0
Hillerød,2011,223169.0
Hørsholm,2011,314966.0
Rudersdal,2011,316723.0
Bornholm,2011,174636.0
Greve,2011,222654.0
Køge,2011,202267.0
Lejre,2011,217508.0
Roskilde,2011,219158.0
Solrød,2011,234748.0
Faxe,2011,191067.0
Guldborgsund,2011,173408.0
Holbæk,2011,195562.0
Kalundborg,2011,189511.0
Lolland,2011,168257.0
Næstved,2011,192912.0
Odsherred,2011,180222.0
Ringsted,2011,197182.0
Slagelse,2011,186917.0
Sorø,2011,195094.0
Stevns,2011,198010.0
Vordingborg,2011,181859.0
Assens,2011,184591.0
Faaborg-Midtfyn,2011,183691.0
Kerteminde,2011,190155.0
Langeland,2011,165598.0
Middelfart,2011,197333.0
Nordfyns,2011,184924.0
Nyborg,2011,185598.0
Odense,2011,186960.0
Svendborg,2011,189217.0
Ærø,2011,174333.0
Billund,2011,195230.0
Esbjerg,2011,192786.0
Fanø,2011,215419.0
Fredericia,2011,191378.0
Haderslev,2011,182598.0
Kolding,2011,198340.0
Sønderborg,2011,184455.0
Tønder,2011,173996.0
Varde,2011,188050.0
Vejen,2011,181892.0
Vejle,2011,201780.0
Aabenraa,2011,184117.0
Favrskov,2011,204412.0
Hedensted,2011,194684.0
Horsens,2011,193460.0
Norddjurs,2011,180328.0
Odder,2011,204311.0
Randers,2011,185608.0
Samsø,2011,178054.0
Silkeborg,2011,196924.0
Skanderborg,2011,217897.0
Syddjurs,2011,195670.0
Aarhus,2011,196346.0
Herning,2011,199171.0
Holstebro,2011,195009.0
Ikast-Brande,2011,190432.0
Lemvig,2011,189387.0
Ringkøbing-Skjern,2011,191423.0
Skive,2011,183229.0
Struer,2011,188350.0
Viborg,2011,194133.0
Brønderslev,2011,180932.0
Frederikshavn,2011,185770.0
Hjørring,2011,183635.0
Jammerbugt,2011,185213.0
Læsø,2011,176809.0
Mariagerfjord,2011,184920.0
Morsø,2011,174164.0
Rebild,2011,198058.0
Thisted,2011,181162.0
Vesthimmerlands,2011,177831.0
Aalborg,2011,187797.0
Copenhagen,2012,192990.0
Frederiksberg,2012,230908.0
Dragør,2012,264648.0
Tårnby,2012,212671.0
Albertslund,2012,186626.0
Ballerup,2012,206484.0
Brøndby,2012,187577.0
Gentofte,2012,351659.0
Gladsaxe,2012,217354.0
Glostrup,2012,205223.0
Herlev,2012,207286.0
Hvidovre,2012,200751.0
Høje-Taastrup,2012,201616.0
Ishøj,2012,184956.0
Lyngby-Taarbæk,2012,271433.0
Rødovre,2012,200326.0
Vallensbæk,2012,230163.0
Allerød,2012,266595.0
Egedal,2012,237053.0
Fredensborg,2012,241954.0
Frederikssund,2012,211200.0
Furesø,2012,264457.0
Gribskov,2012,217462.0
Halsnæs,2012,195920.0
Helsingør,2012,219131.0
Hillerød,2012,229704.0
Hørsholm,2012,323727.0
Rudersdal,2012,334819.0
Bornholm,2012,179094.0
Greve,2012,227225.0
Køge,2012,206521.0
Lejre,2012,223167.0
Roskilde,2012,224768.0
Solrød,2012,241207.0
Faxe,2012,196645.0
Guldborgsund,2012,180773.0
Holbæk,2012,201290.0
Kalundborg,2012,194947.0
Lolland,2012,173006.0
Næstved,2012,197967.0
Odsherred,2012,185686.0
Ringsted,2012,202268.0
Slagelse,2012,190849.0
Sorø,2012,200024.0
Stevns,2012,201501.0
Vordingborg,2012,186480.0
Assens,2012,189157.0
Faaborg-Midtfyn,2012,189006.0
Kerteminde,2012,191983.0
Langeland,2012,171838.0
Middelfart,2012,204818.0
Nordfyns,2012,188012.0
Nyborg,2012,189331.0
Odense,2012,187409.0
Svendborg,2012,194073.0
Ærø,2012,179633.0
Billund,2012,201798.0
Esbjerg,2012,198130.0
Fanø,2012,220292.0
Fredericia,2012,195292.0
Haderslev,2012,185536.0
Kolding,2012,202911.0
Sønderborg,2012,190804.0
Tønder,2012,175742.0
Varde,2012,194046.0
Vejen,2012,190281.0
Vejle,2012,207287.0
Aabenraa,2012,188090.0
Favrskov,2012,210245.0
Hedensted,2012,201335.0
Horsens,2012,198571.0
Norddjurs,2012,183718.0
Odder,2012,210477.0
Randers,2012,189553.0
Samsø,2012,185831.0
Silkeborg,2012,206829.0
Skanderborg,2012,224700.0
Syddjurs,2012,203242.0
Aarhus,2012,200098.0
Herning,2012,199123.0
Holstebro,2012,201477.0
Ikast-Brande,2012,193896.0
Lemvig,2012,190977.0
Ringkøbing-Skjern,2012,197298.0
Skive,2012,188348.0
Struer,2012,193412.0
Viborg,2012,198487.0
Brønderslev,2012,188057.0
Frederikshavn,2012,193753.0
Hjørring,2012,189370.0
Jammerbugt,2012,190992.0
Læsø,2012,181651.0
Mariagerfjord,2012,190422.0
Morsø,2012,178822.0
Rebild,2012,204486.0
Thisted,2012,185067.0
Vesthimmerlands,2012,182149.0
Aalborg,2012,191634.0
Copenhagen,2013,198131.0
Frederiksberg,2013,238371.0
Dragør,2013,270354.0
Tårnby,2013,217423.0
Albertslund,2013,188093.0
Ballerup,2013,210474.0
Brøndby,2013,190532.0
Gentofte,2013,363825.0
Gladsaxe,2013,224069.0
Glostrup,2013,210408.0
Herlev,2013,213345.0
Hvidovre,2013,204689.0
Høje-Taastrup,2013,205502.0
Ishøj,2013,187709.0
Lyngby-Taarbæk,2013,282845.0
Rødovre,2013,205730.0
Vallensbæk,2013,235874.0
Allerød,2013,273294.0
Egedal,2013,244977.0
Fredensborg,2013,250551.0
Frederikssund,2013,217812.0
Furesø,2013,273454.0
Gribskov,2013,220764.0
Halsnæs,2013,201199.0
Helsingør,2013,227974.0
Hillerød,2013,234938.0
Hørsholm,2013,336218.0
Rudersdal,2013,353767.0
Bornholm,2013,181589.0
Greve,2013,233678.0
Køge,2013,210935.0
Lejre,2013,230093.0
Roskilde,2013,229263.0
Solrød,2013,244752.0
Faxe,2013,199628.0
Guldborgsund,2013,187256.0
Holbæk,2013,206536.0
Kalundborg,2013,200521.0
Lolland,2013,178638.0
Næstved,2013,202549.0
Odsherred,2013,190481.0
Ringsted,2013,206886.0
Slagelse,2013,195571.0
Sorø,2013,207072.0
Stevns,2013,207739.0
Vordingborg,2013,192716.0
Assens,2013,192580.0
Faaborg-Midtfyn,2013,192790.0
Kerteminde,2013,197804.0
Langeland,2013,174085.0
Middelfart,2013,209102.0
Nordfyns,2013,193530.0
Nyborg,2013,192813.0
Odense,2013,192896.0
Svendborg,2013,198528.0
Ærø,2013,180695.0
Billund,2013,208051.0
Esbjerg,2013,203075.0
Fanø,2013,226293.0
Fredericia,2013,199174.0
Haderslev,2013,190219.0
Kolding,2013,206286.0
Sønderborg,2013,192395.0
Tønder,2013,182838.0
Varde,2013,203952.0
Vejen,2013,197106.0
Vejle,2013,211774.0
Aabenraa,2013,191465.0
Favrskov,2013,216338.0
Hedensted,2013,206998.0
Horsens,2013,204107.0
Norddjurs,2013,187709.0
Odder,2013,215912.0
Randers,2013,193219.0
Samsø,2013,190135.0
Silkeborg,2013,211472.0
Skanderborg,2013,229900.0
Syddjurs,2013,212674.0
Aarhus,2013,207081.0
Herning,2013,203505.0
Holstebro,2013,208410.0
Ikast-Brande,2013,201456.0
Lemvig,2013,202704.0
Ringkøbing-Skjern,2013,201816.0
Skive,2013,192153.0
Struer,2013,196670.0
Viborg,2013,205636.0
Brønderslev,2013,193506.0
Frederikshavn,2013,196242.0
Hjørring,2013,194713.0
Jammerbugt,2013,196579.0
Læsø,2013,187126.0
Mariagerfjord,2013,193119.0
Morsø,2013,184638.0
Rebild,2013,211397.0
Thisted,2013,191877.0
Vesthimmerlands,2013,187954.0
Aalborg,2013,195384.0
Copenhagen,2014,204008.0
Frederiksberg,2014,245712.0
Dragør,2014,279821.0
Tårnby,2014,222582.0
Albertslund,2014,192715.0
Ballerup,2014,219824.0
Brøndby,2014,193785.0
Gentofte,2014,378676.0
Gladsaxe,2014,230224.0
Glostrup,2014,213912.0
Herlev,2014,215922.0
Hvidovre,2014,210133.0
Høje-Taastrup,2014,209435.0
Ishøj,2014,189764.0
Lyngby-Taarbæk,2014,298540.0
Rødovre,2014,210786.0
Vallensbæk,2014,244275.0
Allerød,2014,280848.0
Egedal,2014,248827.0
Fredensborg,2014,257143.0
Frederikssund,2014,222302.0
Furesø,2014,282531.0
Gribskov,2014,228428.0
Halsnæs,2014,205963.0
Helsingør,2014,233337.0
Hillerød,2014,239173.0
Hørsholm,2014,342182.0
Rudersdal,2014,370374.0
Bornholm,2014,185032.0
Greve,2014,238815.0
Køge,2014,217251.0
Lejre,2014,233233.0
Roskilde,2014,236919.0
Solrød,2014,256135.0
Faxe,2014,203666.0
Guldborgsund,2014,189448.0
Holbæk,2014,210844.0
Kalundborg,2014,204557.0
Lolland,2014,182877.0
Næstved,2014,205699.0
Odsherred,2014,194726.0
Ringsted,2014,210613.0
Slagelse,2014,198836.0
Sorø,2014,211127.0
Stevns,2014,213864.0
Vordingborg,2014,196182.0
Assens,2014,194750.0
Faaborg-Midtfyn,2014,197313.0
Kerteminde,2014,204194.0
Langeland,2014,178437.0
Middelfart,2014,212585.0
Nordfyns,2014,196073.0
Nyborg,2014,197224.0
Odense,2014,196374.0
Svendborg,2014,203220.0
Ærø,2014,188210.0
Billund,2014,210271.0
Esbjerg,2014,207362.0
Fanø,2014,230507.0
Fredericia,2014,203698.0
Haderslev,2014,193583.0
Kolding,2014,211240.0
Sønderborg,2014,197407.0
Tønder,2014,184557.0
Varde,2014,201421.0
Vejen,2014,197406.0
Vejle,2014,215397.0
Aabenraa,2014,193579.0
Favrskov,2014,220545.0
Hedensted,2014,211880.0
Horsens,2014,208807.0
Norddjurs,2014,191447.0
Odder,2014,220531.0
Randers,2014,196159.0
Samsø,2014,191932.0
Silkeborg,2014,203470.0
Skanderborg,2014,236632.0
Syddjurs,2014,209916.0
Aarhus,2014,211446.0
Herning,2014,208360.0
Holstebro,2014,208196.0
Ikast-Brande,2014,201643.0
Lemvig,2014,201025.0
Ringkøbing-Skjern,2014,204248.0
Skive,2014,194850.0
Struer,2014,196535.0
Viborg,2014,207269.0
Brønderslev,2014,195355.0
Frederikshavn,2014,198040.0
Hjørring,2014,197607.0
Jammerbugt,2014,197244.0
Læsø,2014,185827.0
Mariagerfjord,2014,197592.0
Morsø,2014,186678.0
Rebild,2014,215056.0
Thisted,2014,192974.0
Vesthimmerlands,2014,189997.0
Aalborg,2014,198403.0
Copenhagen,2015,209991.0
Frederiksberg,2015,252988.0
Dragør,2015,289465.0
Tårnby,2015,227877.0
Albertslund,2015,196771.0
Ballerup,2015,223323.0
Brøndby,2015,197052.0
Gentofte,2015,425302.0
Gladsaxe,2015,235249.0
Glostrup,2015,219926.0
Herlev,2015,220790.0
Hvidovre,2015,213854.0
Høje-Taastrup,2015,212484.0
Ishøj,2015,193760.0
Lyngby-Taarbæk,2015,321890.0
Rødovre,2015,216505.0
Vallensbæk,2015,246651.0
Allerød,2015,288485.0
Egedal,2015,256199.0
Fredensborg,2015,268065.0
Frederikssund,2015,227244.0
Furesø,2015,285128.0
Gribskov,2015,232054.0
Halsnæs,2015,210450.0
Helsingør,2015,239974.0
Hillerød,2015,251272.0
Hørsholm,2015,354864.0
Rudersdal,2015,379354.0
Bornholm,2015,189477.0
Greve,2015,242508.0
Køge,2015,221728.0
Lejre,2015,238443.0
Roskilde,2015,242144.0
Solrød,2015,263333.0
Faxe,2015,207107.0
Guldborgsund,2015,193790.0
Holbæk,2015,217027.0
Kalundborg,2015,211370.0
Lolland,2015,184575.0
Næstved,2015,210156.0
Odsherred,2015,198086.0
Ringsted,2015,214485.0
Slagelse,2015,202831.0
Sorø,2015,216561.0
Stevns,2015,217194.0
Vordingborg,2015,200998.0
Assens,2015,199676.0
Faaborg-Midtfyn,2015,201163.0
Kerteminde,2015,208480.0
Langeland,2015,179988.0
Middelfart,2015,221205.0
Nordfyns,2015,199840.0
Nyborg,2015,200214.0
Odense,2015,201180.0
Svendborg,2015,207099.0
Ærø,2015,188887.0
Billund,2015,212304.0
Esbjerg,2015,210319.0
Fanø,2015,233539.0
Fredericia,2015,209082.0
Haderslev,2015,198173.0
Kolding,2015,216806.0
Sønderborg,2015,199900.0
Tønder,2015,189550.0
Varde,2015,205141.0
Vejen,2015,203630.0
Vejle,2015,223679.0
Aabenraa,2015,198437.0
Favrskov,2015,224587.0
Hedensted,2015,218083.0
Horsens,2015,212286.0
Norddjurs,2015,195317.0
Odder,2015,222963.0
Randers,2015,201261.0
Samsø,2015,201209.0
Silkeborg,2015,223506.0
Skanderborg,2015,241806.0
Syddjurs,2015,216081.0
Aarhus,2015,220011.0
Herning,2015,211934.0
Holstebro,2015,212478.0
Ikast-Brande,2015,207661.0
Lemvig,2015,208170.0
Ringkøbing-Skjern,2015,207635.0
Skive,2015,200114.0
Struer,2015,200626.0
Viborg,2015,212065.0
Brønderslev,2015,198125.0
Frederikshavn,2015,201863.0
Hjørring,2015,201501.0
Jammerbugt,2015,200225.0
Læsø,2015,188907.0
Mariagerfjord,2015,200465.0
Morsø,2015,190725.0
Rebild,2015,218859.0
Thisted,2015,199175.0
Vesthimmerlands,2015,192756.0
Aalborg,2015,203080.0
Copenhagen,2016,215215.0
Frederiksberg,2016,258624.0
Dragør,2016,295922.0
Tårnby,2016,232591.0
Albertslund,2016,199705.0
Ballerup,2016,225245.0
Brøndby,2016,201440.0
Gentofte,2016,412157.0
Gladsaxe,2016,238495.0
Glostrup,2016,222384.0
Herlev,2016,225266.0
Hvidovre,2016,217747.0
Høje-Taastrup,2016,216200.0
Ishøj,2016,196572.0
Lyngby-Taarbæk,2016,310197.0
Rødovre,2016,220440.0
Vallensbæk,2016,246964.0
Allerød,2016,293063.0
Egedal,2016,258933.0
Fredensborg,2016,270154.0
Frederikssund,2016,231363.0
Furesø,2016,293053.0
Gribskov,2016,235351.0
Halsnæs,2016,213281.0
Helsingør,2016,242869.0
Hillerød,2016,252019.0
Hørsholm,2016,359424.0
Rudersdal,2016,402149.0
Bornholm,2016,193344.0
Greve,2016,247143.0
Køge,2016,224381.0
Lejre,2016,243866.0
Roskilde,2016,246634.0
Solrød,2016,271247.0
Faxe,2016,210599.0
Guldborgsund,2016,195395.0
Holbæk,2016,218575.0
Kalundborg,2016,213540.0
Lolland,2016,185452.0
Næstved,2016,213168.0
Odsherred,2016,200701.0
Ringsted,2016,217832.0
Slagelse,2016,206681.0
Sorø,2016,218836.0
Stevns,2016,220622.0
Vordingborg,2016,201462.0
Assens,2016,202808.0
Faaborg-Midtfyn,2016,200301.0
Kerteminde,2016,212795.0
Langeland,2016,183295.0
Middelfart,2016,221910.0
Nordfyns,2016,201672.0
Nyborg,2016,202796.0
Odense,2016,203000.0
Svendborg,2016,210309.0
Ærø,2016,195335.0
Billund,2016,215983.0
Esbjerg,2016,213261.0
Fanø,2016,233960.0
Fredericia,2016,215141.0
Haderslev,2016,200526.0
Kolding,2016,220481.0
Sønderborg,2016,203449.0
Tønder,2016,192157.0
Varde,2016,207071.0
Vejen,2016,203869.0
Vejle,2016,227036.0
Aabenraa,2016,202029.0
Favrskov,2016,229808.0
Hedensted,2016,218894.0
Horsens,2016,216516.0
Norddjurs,2016,197067.0
Odder,2016,227984.0
Randers,2016,204527.0
Samsø,2016,198449.0
Silkeborg,2016,233727.0
Skanderborg,2016,246624.0
Syddjurs,2016,221772.0
Aarhus,2016,221100.0
Herning,2016,216136.0
Holstebro,2016,213089.0
Ikast-Brande,2016,212149.0
Lemvig,2016,215996.0
Ringkøbing-Skjern,2016,208666.0
Skive,2016,203607.0
Struer,2016,202272.0
Viborg,2016,215204.0
Brønderslev,2016,206456.0
Frederikshavn,2016,204842.0
Hjørring,2016,204651.0
Jammerbugt,2016,202263.0
Læsø,2016,194996.0
Mariagerfjord,2016,204608.0
Morsø,2016,192683.0
Rebild,2016,223042.0
Thisted,2016,203311.0
Vesthimmerlands,2016,196166.0
Aalborg,2016,205924.0
Copenhagen,2017,220945.0
Frederiksberg,2017,267820.0
Dragør,2017,303980.0
Tårnby,2017,239104.0
Albertslund,2017,202561.0
Ballerup,2017,230366.0
Brøndby,2017,205179.0
Gentofte,2017,419650.0
Gladsaxe,2017,245192.0
Glostrup,2017,228242.0
Herlev,2017,229138.0
Hvidovre,2017,222678.0
Høje-Taastrup,2017,221711.0
Ishøj,2017,200961.0
Lyngby-Taarbæk,2017,313568.0
Rødovre,2017,226083.0
Vallensbæk,2017,250019.0
Allerød,2017,300931.0
Egedal,2017,267883.0
Fredensborg,2017,274358.0
Frederikssund,2017,235609.0
Furesø,2017,301119.0
Gribskov,2017,241084.0
Halsnæs,2017,219665.0
Helsingør,2017,249399.0
Hillerød,2017,256639.0
Hørsholm,2017,380412.0
Rudersdal,2017,408095.0
Bornholm,2017,199413.0
Greve,2017,253934.0
Køge,2017,230812.0
Lejre,2017,250901.0
Roskilde,2017,253903.0
Solrød,2017,275979.0
Faxe,2017,215981.0
Guldborgsund,2017,199571.0
Holbæk,2017,224912.0
Kalundborg,2017,217630.0
Lolland,2017,189770.0
Næstved,2017,219169.0
Odsherred,2017,206201.0
Ringsted,2017,225324.0
Slagelse,2017,212000.0
Sorø,2017,225614.0
Stevns,2017,226624.0
Vordingborg,2017,206726.0
Assens,2017,208781.0
Faaborg-Midtfyn,2017,209324.0
Kerteminde,2017,216753.0
Langeland,2017,187483.0
Middelfart,2017,232668.0
Nordfyns,2017,208757.0
Nyborg,2017,208179.0
Odense,2017,206649.0
Svendborg,2017,214742.0
Ærø,2017,197576.0
Billund,2017,227700.0
Esbjerg,2017,219429.0
Fanø,2017,240905.0
Fredericia,2017,217669.0
Haderslev,2017,208067.0
Kolding,2017,227236.0
Sønderborg,2017,210483.0
Tønder,2017,203148.0
Varde,2017,215888.0
Vejen,2017,214071.0
Vejle,2017,234900.0
Aabenraa,2017,210096.0
Favrskov,2017,237631.0
Hedensted,2017,225664.0
Horsens,2017,223298.0
Norddjurs,2017,203237.0
Odder,2017,233238.0
Randers,2017,209411.0
Samsø,2017,206851.0
Silkeborg,2017,236754.0
Skanderborg,2017,252543.0
Syddjurs,2017,227428.0
Aarhus,2017,228901.0
Herning,2017,223994.0
Holstebro,2017,220535.0
Ikast-Brande,2017,218377.0
Lemvig,2017,220222.0
Ringkøbing-Skjern,2017,218399.0
Skive,2017,210900.0
Struer,2017,208726.0
Viborg,2017,223831.0
Brønderslev,2017,208860.0
Frederikshavn,2017,211190.0
Hjørring,2017,214621.0
Jammerbugt,2017,207677.0
Læsø,2017,201446.0
Mariagerfjord,2017,210959.0
Morsø,2017,200628.0
Rebild,2017,231559.0
Thisted,2017,209281.0
Vesthimmerlands,2017,204308.0
Aalborg,2017,212729.0
Copenhagen,2018,228338.0
Frederiksberg,2018,276683.0
Dragør,2018,311793.0
Tårnby,2018,245993.0
Albertslund,2018,208399.0
Ballerup,2018,236121.0
Brøndby,2018,211029.0
Gentofte,2018,427370.0
Gladsaxe,2018,250679.0
Glostrup,2018,232928.0
Herlev,2018,236643.0
Hvidovre,2018,229211.0
Høje-Taastrup,2018,225609.0
Ishøj,2018,205800.0
Lyngby-Taarbæk,2018,322546.0
Rødovre,2018,232107.0
Vallensbæk,2018,255657.0
Allerød,2018,306103.0
Egedal,2018,274867.0
Fredensborg,2018,281526.0
Frederikssund,2018,242718.0
Furesø,2018,308833.0
Gribskov,2018,245826.0
Halsnæs,2018,224733.0
Helsingør,2018,254779.0
Hillerød,2018,262199.0
Hørsholm,2018,375418.0
Rudersdal,2018,412461.0
Bornholm,2018,202976.0
Greve,2018,259348.0
Køge,2018,236936.0
Lejre,2018,258246.0
Roskilde,2018,260890.0
Solrød,2018,282070.0
Faxe,2018,222006.0
Guldborgsund,2018,203449.0
Holbæk,2018,229668.0
Kalundborg,2018,222710.0
Lolland,2018,193056.0
Næstved,2018,223879.0
Odsherred,2018,210297.0
Ringsted,2018,229385.0
Slagelse,2018,216819.0
Sorø,2018,229600.0
Stevns,2018,233946.0
Vordingborg,2018,212004.0
Assens,2018,212415.0
Faaborg-Midtfyn,2018,214986.0
Kerteminde,2018,222244.0
Langeland,2018,189623.0
Middelfart,2018,235139.0
Nordfyns,2018,214266.0
Nyborg,2018,215483.0
Odense,2018,211967.0
Svendborg,2018,218492.0
Ærø,2018,201430.0
Billund,2018,231771.0
Esbjerg,2018,224598.0
Fanø,2018,244102.0
Fredericia,2018,222200.0
Haderslev,2018,212391.0
Kolding,2018,232918.0
Sønderborg,2018,215616.0
Tønder,2018,204836.0
Varde,2018,218754.0
Vejen,2018,218332.0
Vejle,2018,239626.0
Aabenraa,2018,213650.0
Favrskov,2018,243703.0
Hedensted,2018,233866.0
Horsens,2018,230081.0
Norddjurs,2018,207855.0
Odder,2018,238007.0
Randers,2018,216009.0
Samsø,2018,211378.0
Silkeborg,2018,242114.0
Skanderborg,2018,259984.0
Syddjurs,2018,230006.0
Aarhus,2018,234439.0
Herning,2018,229212.0
Holstebro,2018,224254.0
Ikast-Brande,2018,221583.0
Lemvig,2018,217221.0
Ringkøbing-Skjern,2018,221198.0
Skive,2018,215303.0
Struer,2018,213174.0
Viborg,2018,229556.0
Brønderslev,2018,211674.0
Frederikshavn,2018,214560.0
Hjørring,2018,217772.0
Jammerbugt,2018,213308.0
Læsø,2018,200288.0
Mariagerfjord,2018,216354.0
Morsø,2018,202190.0
Rebild,2018,238925.0
Thisted,2018,213065.0
Vesthimmerlands,2018,208305.0
Aalborg,2018,218056.0
Copenhagen,2019,236730.0
Frederiksberg,2019,287059.0
Dragør,2019,322159.0
Tårnby,2019,252323.0
Albertslund,2019,211987.0
Ballerup,2019,242568.0
Brøndby,2019,215194.0
Gentofte,2019,468130.0
Gladsaxe,2019,259311.0
Glostrup,2019,238682.0
Herlev,2019,242303.0
Hvidovre,2019,235914.0
Høje-Taastrup,2019,231927.0
Ishøj,2019,210203.0
Lyngby-Taarbæk,2019,335602.0
Rødovre,2019,237630.0
Vallensbæk,2019,261347.0
Allerød,2019,319855.0
Egedal,2019,277595.0
Fredensborg,2019,293292.0
Frederikssund,2019,247615.0
Furesø,2019,320012.0
Gribskov,2019,251318.0
Halsnæs,2019,229476.0
Helsingør,2019,263192.0
Hillerød,2019,269847.0
Hørsholm,2019,392275.0
Rudersdal,2019,440723.0
Bornholm,2019,211258.0
Greve,2019,264596.0
Køge,2019,243517.0
Lejre,2019,263348.0
Roskilde,2019,270155.0
Solrød,2019,298425.0
Faxe,2019,228041.0
Guldborgsund,2019,210439.0
Holbæk,2019,236423.0
Kalundborg,2019,229901.0
Lolland,2019,199553.0
Næstved,2019,231004.0
Odsherred,2019,217089.0
Ringsted,2019,236332.0
Slagelse,2019,222269.0
Sorø,2019,238794.0
Stevns,2019,242225.0
Vordingborg,2019,217702.0
Assens,2019,221444.0
Faaborg-Midtfyn,2019,220675.0
Kerteminde,2019,229574.0
Langeland,2019,198995.0
Middelfart,2019,247633.0
Nordfyns,2019,221156.0
Nyborg,2019,220372.0
Odense,2019,217495.0
Svendborg,2019,228998.0
Ærø,2019,207163.0
Billund,2019,239139.0
Esbjerg,2019,231628.0
Fanø,2019,246571.0
Fredericia,2019,228663.0
Haderslev,2019,219616.0
Kolding,2019,239198.0
Sønderborg,2019,222671.0
Tønder,2019,216267.0
Varde,2019,227717.0
Vejen,2019,225825.0
Vejle,2019,248846.0
Aabenraa,2019,220387.0
Favrskov,2019,250587.0
Hedensted,2019,239240.0
Horsens,2019,237304.0
Norddjurs,2019,213598.0
Odder,2019,247163.0
Randers,2019,222865.0
Samsø,2019,222406.0
Silkeborg,2019,249196.0
Skanderborg,2019,269063.0
Syddjurs,2019,240208.0
Aarhus,2019,239830.0
Herning,2019,236376.0
Holstebro,2019,231857.0
Ikast-Brande,2019,235166.0
Lemvig,2019,231047.0
Ringkøbing-Skjern,2019,230206.0
Skive,2019,223044.0
Struer,2019,220565.0
Viborg,2019,235942.0
Brønderslev,2019,221527.0
Frederikshavn,2019,221881.0
Hjørring,2019,223556.0
Jammerbugt,2019,220723.0
Læsø,2019,208152.0
Mariagerfjord,2019,225410.0
Morsø,2019,214513.0
Rebild,2019,247609.0
Thisted,2019,222903.0
Vesthimmerlands,2019,218261.0
Aalborg,2019,223448.0
Copenhagen,2020,247849.0
Frederiksberg,2020,301686.0
Dragør,2020,332103.0
Tårnby,2020,265421.0
Albertslund,2020,221028.0
Ballerup,2020,252939.0
Brøndby,2020,224578.0
Gentofte,2020,466520.0
Gladsaxe,2020,274032.0
Glostrup,2020,250472.0
Herlev,2020,258098.0
Hvidovre,2020,246531.0
Høje-Taastrup,2020,240922.0
Ishøj,2020,219899.0
Lyngby-Taarbæk,2020,346600.0
Rødovre,2020,250287.0
Vallensbæk,2020,275714.0
Allerød,2020,327301.0
Egedal,2020,290600.0
Fredensborg,2020,301145.0
Frederikssund,2020,259828.0
Furesø,2020,330160.0
Gribskov,2020,265910.0
Halsnæs,2020,241285.0
Helsingør,2020,277015.0
Hillerød,2020,281446.0
Hørsholm,2020,423072.0
Rudersdal,2020,451164.0
Bornholm,2020,218783.0
Greve,2020,277351.0
Køge,2020,257870.0
Lejre,2020,274092.0
Roskilde,2020,282633.0
Solrød,2020,308024.0
Faxe,2020,240707.0
Guldborgsund,2020,221829.0
Holbæk,2020,248204.0
Kalundborg,2020,238499.0
Lolland,2020,207903.0
Næstved,2020,242177.0
Odsherred,2020,226597.0
Ringsted,2020,248414.0
Slagelse,2020,231013.0
Sorø,2020,246097.0
Stevns,2020,249168.0
Vordingborg,2020,230034.0
Assens,2020,230366.0
Faaborg-Midtfyn,2020,230727.0
Kerteminde,2020,238060.0
Langeland,2020,213219.0
Middelfart,2020,259282.0
Nordfyns,2020,229635.0
Nyborg,2020,231476.0
Odense,2020,226727.0
Svendborg,2020,240200.0
Ærø,2020,216258.0
Billund,2020,248416.0
Esbjerg,2020,240432.0
Fanø,2020,259036.0
Fredericia,2020,238316.0
Haderslev,2020,228974.0
Kolding,2020,253243.0
Sønderborg,2020,231509.0
Tønder,2020,223509.0
Varde,2020,238710.0
Vejen,2020,237078.0
Vejle,2020,260325.0
Aabenraa,2020,230031.0
Favrskov,2020,263996.0
Hedensted,2020,251112.0
Horsens,2020,248027.0
Norddjurs,2020,224933.0
Odder,2020,260507.0
Randers,2020,233590.0
Samsø,2020,235784.0
Silkeborg,2020,262538.0
Skanderborg,2020,284533.0
Syddjurs,2020,251576.0
Aarhus,2020,250297.0
Herning,2020,249340.0
Holstebro,2020,242976.0
Ikast-Brande,2020,254677.0
Lemvig,2020,243483.0
Ringkøbing-Skjern,2020,240974.0
Skive,2020,237359.0
Struer,2020,229130.0
Viborg,2020,246933.0
Brønderslev,2020,232506.0
Frederikshavn,2020,230845.0
Hjørring,2020,233897.0
Jammerbugt,2020,232587.0
Læsø,2020,215681.0
Mariagerfjord,2020,236314.0
Morsø,2020,222402.0
Rebild,2020,259684.0
Thisted,2020,232629.0
Vesthimmerlands,2020,226087.0
Aalborg,2020,234085.0
Copenhagen,2021,263154.0
Frederiksberg,2021,319321.0
Dragør,2021,350841.0
Tårnby,2021,275721.0
Albertslund,2021,230832.0
Ballerup,2021,263285.0
Brøndby,2021,232140.0
Gentofte,2021,529706.0
Gladsaxe,2021,286086.0
Glostrup,2021,261718.0
Herlev,2021,265046.0
Hvidovre,2021,257560.0
Høje-Taastrup,2021,251027.0
Ishøj,2021,229369.0
Lyngby-Taarbæk,2021,374550.0
Rødovre,2021,260667.0
Vallensbæk,2021,286490.0
Allerød,2021,345529.0
Egedal,2021,306979.0
Fredensborg,2021,323677.0
Frederikssund,2021,269949.0
Furesø,2021,348065.0
Gribskov,2021,277405.0
Halsnæs,2021,250501.0
Helsingør,2021,292923.0
Hillerød,2021,294129.0
Hørsholm,2021,432190.0
Rudersdal,2021,494339.0
Bornholm,2021,226536.0
Greve,2021,287771.0
Køge,2021,266858.0
Lejre,2021,287111.0
Roskilde,2021,296120.0
Solrød,2021,320668.0
Faxe,2021,248597.0
Guldborgsund,2021,233857.0
Holbæk,2021,261166.0
Kalundborg,2021,250822.0
Lolland,2021,220048.0
Næstved,2021,252832.0
Odsherred,2021,237045.0
Ringsted,2021,260103.0
Slagelse,2021,243578.0
Sorø,2021,259171.0
Stevns,2021,260019.0
Vordingborg,2021,239825.0
Assens,2021,239817.0
Faaborg-Midtfyn,2021,239416.0
Kerteminde,2021,255298.0
Langeland,2021,216232.0
Middelfart,2021,268276.0
Nordfyns,2021,238072.0
Nyborg,2021,240844.0
Odense,2021,238124.0
Svendborg,2021,252283.0
Ærø,2021,224587.0
Billund,2021,260894.0
Esbjerg,2021,253340.0
Fanø,2021,273555.0
Fredericia,2021,249906.0
Haderslev,2021,238417.0
Kolding,2021,263615.0
Sønderborg,2021,242203.0
Tønder,2021,232876.0
Varde,2021,250363.0
Vejen,2021,249003.0
Vejle,2021,274271.0
Aabenraa,2021,239958.0
Favrskov,2021,276036.0
Hedensted,2021,261284.0
Horsens,2021,257774.0
Norddjurs,2021,233140.0
Odder,2021,269323.0
Randers,2021,241945.0
Samsø,2021,244537.0
Silkeborg,2021,275254.0
Skanderborg,2021,295901.0
Syddjurs,2021,269095.0
Aarhus,2021,262497.0
Herning,2021,258963.0
Holstebro,2021,258494.0
Ikast-Brande,2021,249535.0
Lemvig,2021,255511.0
Ringkøbing-Skjern,2021,252677.0
Skive,2021,243907.0
Struer,2021,240957.0
Viborg,2021,257520.0
Brønderslev,2021,243751.0
Frederikshavn,2021,239492.0
Hjørring,2021,243166.0
Jammerbugt,2021,245136.0
Læsø,2021,234388.0
Mariagerfjord,2021,246192.0
Morsø,2021,229968.0
Rebild,2021,270439.0
Thisted,2021,241755.0
Vesthimmerlands,2021,244219.0
Aalborg,2021,244344.0
Copenhagen,2022,263314.0
Frederiksberg,2022,312449.0
Dragør,2022,351523.0
Tårnby,2022,277090.0
Albertslund,2022,232129.0
Ballerup,2022,264673.0
Brøndby,2022,233811.0
Gentofte,2022,514283.0
Gladsaxe,2022,285576.0
Glostrup,2022,261201.0
Herlev,2022,264478.0
Hvidovre,2022,259773.0
Høje-Taastrup,2022,250298.0
Ishøj,2022,231263.0
Lyngby-Taarbæk,2022,363399.0
Rødovre,2022,260390.0
Vallensbæk,2022,282400.0
Allerød,2022,345657.0
Egedal,2022,299723.0
Fredensborg,2022,309845.0
Frederikssund,2022,272115.0
Furesø,2022,343392.0
Gribskov,2022,276827.0
Halsnæs,2022,250329.0
Helsingør,2022,287701.0
Hillerød,2022,293383.0
Hørsholm,2022,422786.0
Rudersdal,2022,464564.0
Bornholm,2022,226145.0
Greve,2022,286027.0
Køge,2022,266931.0
Lejre,2022,286255.0
Roskilde,2022,294230.0
Solrød,2022,314464.0
Faxe,2022,250949.0
Guldborgsund,2022,234273.0
Holbæk,2022,262276.0
Kalundborg,2022,255624.0
Lolland,2022,222540.0
Næstved,2022,252789.0
Odsherred,2022,239052.0
Ringsted,2022,260260.0
Slagelse,2022,246729.0
Sorø,2022,259589.0
Stevns,2022,262909.0
Vordingborg,2022,246466.0
Assens,2022,240754.0
Faaborg-Midtfyn,2022,242942.0
Kerteminde,2022,253054.0
Langeland,2022,220031.0
Middelfart,2022,273442.0
Nordfyns,2022,241186.0
Nyborg,2022,242172.0
Odense,2022,238218.0
Svendborg,2022,252790.0
Ærø,2022,223526.0
Billund,2022,265340.0
Esbjerg,2022,254323.0
Fanø,2022,267294.0
Fredericia,2022,251556.0
Haderslev,2022,240469.0
Kolding,2022,262201.0
Sønderborg,2022,242729.0
Tønder,2022,243037.0
Varde,2022,254229.0
Vejen,2022,252968.0
Vejle,2022,272949.0
Aabenraa,2022,244263.0
Favrskov,2022,276131.0
Hedensted,2022,265410.0
Horsens,2022,258194.0
Norddjurs,2022,238502.0
Odder,2022,269001.0
Randers,2022,245645.0
Samsø,2022,236998.0
Silkeborg,2022,276300.0
Skanderborg,2022,294467.0
Syddjurs,2022,259512.0
Aarhus,2022,261816.0
Herning,2022,261519.0
Holstebro,2022,256921.0
Ikast-Brande,2022,253249.0
Lemvig,2022,258216.0
Ringkøbing-Skjern,2022,253252.0
Skive,2022,247931.0
Struer,2022,244086.0
Viborg,2022,259427.0
Brønderslev,2022,244534.0
Frederikshavn,2022,243387.0
Hjørring,2022,243989.0
Jammerbugt,2022,244300.0
Læsø,2022,221846.0
Mariagerfjord,2022,250212.0
Morsø,2022,238571.0
Rebild,2022,276460.0
Thisted,2022,244710.0
Vesthimmerlands,2022,245893.0
Aalborg,2022,246872.0
Copenhagen,2023,278242.0
Frederiksberg,2023,329362.0
Dragør,2023,368217.0
Tårnby,2023,290450.0
Albertslund,2023,241138.0
Ballerup,2023,277526.0
Brøndby,2023,241989.0
Gentofte,2023,591074.0
Gladsaxe,2023,301819.0
Glostrup,2023,269703.0
Herlev,2023,278171.0
Hvidovre,2023,271403.0
Høje-Taastrup,2023,260416.0
Ishøj,2023,241416.0
Lyngby-Taarbæk,2023,403789.0
Rødovre,2023,272339.0
Vallensbæk,2023,291164.0
Allerød,2023,352616.0
Egedal,2023,315613.0
Fredensborg,2023,328507.0
Frederikssund,2023,280413.0
Furesø,2023,365138.0
Gribskov,2023,286016.0
Halsnæs,2023,260823.0
Helsingør,2023,299652.0
Hillerød,2023,305073.0
Hørsholm,2023,439441.0
Rudersdal,2023,502623.0
Bornholm,2023,236127.0
Greve,2023,299792.0
Køge,2023,278321.0
Lejre,2023,295695.0
Roskilde,2023,311527.0
Solrød,2023,332367.0
Faxe,2023,258606.0
Guldborgsund,2023,241655.0
Holbæk,2023,271143.0
Kalundborg,2023,267582.0
Lolland,2023,231158.0
Næstved,2023,259892.0
Odsherred,2023,246646.0
Ringsted,2023,268728.0
Slagelse,2023,250311.0
Sorø,2023,268808.0
Stevns,2023,268714.0
Vordingborg,2023,247641.0
Assens,2023,249635.0
Faaborg-Midtfyn,2023,249583.0
Kerteminde,2023,263775.0
Langeland,2023,229432.0
Middelfart,2023,280047.0
Nordfyns,2023,247290.0
Nyborg,2023,253160.0
Odense,2023,250388.0
Svendborg,2023,260178.0
Ærø,2023,229051.0
Billund,2023,398267.0
Esbjerg,2023,264152.0
Fanø,2023,272888.0
Fredericia,2023,260495.0
Haderslev,2023,247184.0
Kolding,2023,270148.0
Sønderborg,2023,249699.0
Tønder,2023,243142.0
Varde,2023,259817.0
Vejen,2023,366280.0
Vejle,2023,282591.0
Aabenraa,2023,250127.0
Favrskov,2023,283020.0
Hedensted,2023,269899.0
Horsens,2023,263504.0
Norddjurs,2023,244016.0
Odder,2023,278060.0
Randers,2023,251503.0
Samsø,2023,247977.0
Silkeborg,2023,284074.0
Skanderborg,2023,302544.0
Syddjurs,2023,266461.0
Aarhus,2023,270915.0
Herning,2023,267283.0
Holstebro,2023,262664.0
Ikast-Brande,2023,255966.0
Lemvig,2023,267617.0
Ringkøbing-Skjern,2023,260479.0
Skive,2023,252070.0
Struer,2023,248497.0
Viborg,2023,261294.0
Brønderslev,2023,250474.0
Frederikshavn,2023,251119.0
Hjørring,2023,251445.0
Jammerbugt,2023,247982.0
Læsø,2023,236223.0
Mariagerfjord,2023,255881.0
Morsø,2023,239931.0
Rebild,2023,283758.0
Thisted,2023,245630.0
Vesthimmerlands,2023,248423.0
Aalborg,2023,256494.0
